"","","","","","","","","","target"
"1",-3.30437018749004,-3.78319135504226,-4.58077945292266,1.92978348024874,2.99703268035674,0.128185921642538,1.16526087056147,-0.703992639794651,410
"2",2.82551810850305,4.38338956034161,-2.68612044673944,2.91899410377438,6.4545402597331,-0.316000871813485,1.11160501942193,-2.13169932704427,1000
"3",-7.91987778487574,1.78304165875197,0.189075820658409,2.74042304152608,2.25207148619131,0.112040127922339,-1.00541256174216,-0.913486149113988,170
"4",-12.3126787367833,-2.68354755792555,6.44243092714935,0.913352179893155,0.0589245579621251,1.35342775485969,0.432388775723754,0.152568338348354,30
"5",14.4061702281337,-3.11849524819677,-0.474239518686235,4.22157058548495,2.64174166683617,0.559124729477017,-0.824747791060322,0.0782950100345817,700
"6",14.3756781704836,-3.16891212607036,-0.438802927593495,4.16442001764833,2.18614911748594,0.665082877497063,-0.733459281232598,0.391035463390016,700
"7",15.9709075060456,-4.27900698413452,2.33915461047003,-2.24500374645905,4.17756788403245,2.75703521974105,1.07232133763699,2.00071683163812,900
"8",20.6020976382799,-2.82227412014385,3.54458935399973,4.32397098389099,1.62171663458913,1.10155404679185,3.60502716305864,1.30578279162994,600
"9",-8.95313127222083,-1.06540660196342,1.24646123041708,-0.598532166224771,1.06256024351439,-1.18073696762927,0.122790891089256,0.154196660769421,110
"10",-4.79264278900746,-2.08377825202159,-3.16572836162035,1.77177215268349,2.13390445508538,0.026466681251989,-1.28775106343207,1.03516125675602,190
"11",-7.4278771879758,1.33103895379092,0.425707870949111,-1.35567032682005,0.396401259142706,-1.38343792872265,-1.03208779871772,1.24515624963494,150
"12",-4.14886483229487,-3.57753717577012,-2.90992176636554,-1.89387034178488,2.3611160372729,-2.11412497873718,-0.35698604228599,-0.173188926228892,190
"13",-10.6306062025298,0.0407747624887478,1.77298965754999,2.4384221199624,2.27852547004662,-0.212791760241224,-1.08181324588323,-0.794608933040311,130
"14",4.7532594826087,4.15926281803316,-1.07510972618112,2.27026020742676,2.7557229534546,0.581985344798228,0.22431276102332,0.462995617802225,450
"15",12.6524858704446,-1.9485863757183,0.748799732691328,0.854108203938494,3.03680740316562,-4.18683206568558,-1.05875216687841,2.39733617915451,520
"16",2.77695405660693,3.67867263502902,-0.295749685031313,-2.08641843729404,1.97508830903992,1.7293473324823,1.69618347091323,1.58358273141115,380
"17",10.9746853675224,-0.956710274042894,0.744883842839682,-2.82078125558965,1.49771785958821,-2.43621045413669,-1.77518821351848,1.62478742331606,590
"18",6.48638256947069,4.33895898574691,0.238951104874478,-0.859728987974114,12.866637048299,-4.33546226987085,-3.08525652113366,-4.45658497966532,630
"19",14.2881284640362,-3.28755430148595,-0.142826528286165,4.0542776733051,2.02392087640455,0.663357525279369,-0.797793077978443,0.789026588899306,650
"20",4.78654449758917,4.229009731832,-1.0599673693074,2.34003748819326,3.61301373937511,0.413348050567706,0.062636880066093,0.167869188622538,450
"21",2.41119562232117,3.60676802291236,-1.88401113867677,2.13713539806645,1.09444004646041,0.602301182519269,1.80544343731679,0.763005138812679,300
"22",0.343674797054661,3.60574232811806,-0.395973174618225,-2.27842075072053,2.86373145914401,1.67028740313013,0.239798137931207,0.71692743843576,360
"23",12.6212438987532,-2.1146686688764,0.697046330121776,0.709338670248842,1.09840609091722,-3.59252567223075,-0.44945320963551,4.06421187759662,620
"24",2.75889661466621,3.77887739665198,-0.340510185079567,-1.99039833513094,2.80140318624996,1.42744379768492,1.38041198320671,0.438474668438956,380
"25",4.64991437047244,3.98039894889211,-1.02050623861402,2.07823809202382,0.889938242735008,0.992674329644973,0.599952633589952,1.46907393562607,370
"26",-2.51030919123244,-3.75235769039666,-2.75694987146631,-2.14099722629896,0.901117308331118,-1.58927047770487,1.3600132938413,0.119125814433921,190
"27",-10.3667880353813,-0.132802429574731,2.14599483274153,-0.197336551521435,3.76999361885343,0.316817139359844,-1.34674141384818,-1.07392778704548,90
"28",-7.36795324901761,1.4261576144955,0.405408816784505,-1.24199482022624,1.6070333970352,-1.64464340530176,-1.27642478661662,0.665859108013964,160
"29",9.39548804143218,0.457833195108186,0.735612198454294,-2.94193683981765,2.55018355020944,2.48189999457459,-2.31758517590195,1.73266289921783,440
"30",-4.59703157814632,-2.92238996773907,-2.38835034385871,-2.09671247805977,2.86335918996632,0.88487480700142,-0.919210939117912,1.18200649867722,180
"31",8.16935449962244,2.03268851098615,-1.2354973140273,2.91679109648046,0.331400633509812,0.816988546957481,-2.05117543809528,-0.00754996782620661,400
"32",-11.7828945781606,0.641188726238289,2.87280097111721,0.508048694088273,5.05947670212036,1.03663942023942,-0.474672339548735,2.30856921443122,145
"33",9.231400580864,0.365069479194832,0.696407478746714,-3.038090773947,1.18454671252909,2.8224060632928,-2.04159403458911,2.28990614360944,600
"34",4.59380675402018,4.0014009089411,-1.11927716462646,2.11379453415437,0.73438725992361,1.11607356690888,0.705370161307413,1.62707327673509,580
"35",-12.1718781459709,-2.29206841128217,6.33122252223677,2.1887820788151,-0.175710407971665,-0.435402042954066,0.723116387219801,0.876071608760578,40
"36",17.32732674787,-4.66560156284229,3.36444209532368,-2.43045377288283,0.433055964120696,-2.18445390216563,1.86040560992953,-0.100714716503455,480
"37",-1.21194557430271,-2.11557731014865,-2.6378489297073,2.0685407600224,0.215228453751102,1.02091304453397,3.16531303642071,-0.369246955319665,230
"38",-2.50915689696434,-3.70387247764618,-2.77309876567914,-2.140464785109,1.06309568496078,-1.79943113470326,1.1099907501978,-0.865506798889739,170
"39",-2.0036165958504,-2.84167572829974,-2.33503361245364,0.181370776229848,-0.307970877559619,-1.85858679013471,2.27075822741161,1.56696176631884,190
"40",4.57527349816708,3.99681916402871,-0.932711193139223,2.10476374339921,1.41271279780083,0.836073032099257,0.388418141722552,1.02218343396379,430
"41",0.20809239560975,3.54755721991033,-1.47990727981239,2.72421386447894,3.17146313073996,0.327947596712536,0.439000365882049,-0.958386249273245,440
"42",-8.64936464082712,0.442700748415612,1.71623397210571,-0.462215157557676,0.668446696517984,-1.02390069155141,0.23212524600344,0.319956471279043,110
"43",-11.8637236179092,0.121679345282203,3.66225620994696,2.68371201681692,1.75814572585318,0.284068711723842,-0.264249286806015,-0.666389159593077,160
"44",-3.24539281580175,-4.09777276279965,-2.70704409780431,-2.46898975221635,1.2313249026657,1.52728473060592,0.782963287355124,0.865873679053078,160
"45",-12.0695007375786,-0.364756236933022,5.04492635449959,1.94973602245192,1.21082449456532,-1.03774238053216,0.0887219443427989,-0.57847010779598,30
"46",6.90378277220546,2.76816950846288,-0.0302539234557447,0.780684962101173,0.920746896602072,-2.51310722275966,-0.828570857618632,2.40633360244722,490
"47",2.57441398124163,3.58364194049632,-0.245439866482083,-2.23213105756264,0.609383043432381,1.75762178469092,1.61476593503784,0.84502246231465,270
"48",-4.30120501686549,-3.74149944746067,-2.81558315994325,-2.05850379116529,0.801643740081201,-1.73896059486387,-0.0433855469254521,0.793091633014736,210
"49",-8.80963236198031,-0.0333747396352469,1.78280142286973,-0.613397212562807,1.21325673284466,1.32391847558022,0.522029306334359,0.836115958664995,120
"50",2.64365308325186,3.62917322793784,-0.353320722928184,-2.14489682467976,1.00142820992805,1.91740215268633,1.82973744447091,1.64208844468089,450
"51",-7.02092079151059,1.23848017323432,-0.381900176894349,0.558295329262315,-0.0807771693081955,-1.99974491956965,-1.02966953911798,3.07576947582381,160
"52",6.84692458833485,2.63865323812735,-0.0203746014658418,0.648848799814538,-0.500674420441947,-2.17065711333363,-0.497890513832149,3.27123498637213,460
"53",-0.788969060134264,1.32032835649719,0.186542323790216,-1.93207155747762,1.33017154720276,-1.56827042016053,2.53310268538906,-1.42733807394837,300
"54",-3.5194661889379,-4.19906423511243,-4.01499069790648,1.45192516448697,-0.112084777608582,0.553572299123457,1.43270898304464,0.569995385731398,140
"55",-4.84368154426149,-2.1279616075035,-3.33950252324883,1.64972773301768,0.252608853050974,0.372708661700669,-0.964667273086014,1.23390127611594,190
"56",12.4778208538669,-2.14887589279669,0.772502158669154,0.62639271188301,0.65148604832659,-3.69237736489567,-0.657033267118762,3.29927116035775,530
"57",5.27273655629541,4.15205401137224,0.123210697373122,-1.82873436107375,5.65389108615615,1.07552117724391,-1.07761748370153,-0.932114467382135,700
"58",-9.34631289965306,-0.746320427872876,0.420402530426997,2.36826499075915,1.45802116245126,0.282614258940995,0.192205637661527,0.295646260953604,180
"59",-4.39563116539304,-1.43423140873762,-4.04185834247043,2.65192204732316,8.5237665381996,0.0414981723839714,-0.946750847515769,3.26163019677516,900
"60",-11.860477534224,-1.70417710386868,5.38773983149834,3.43565228035037,2.46281821112371,0.453913423084443,-0.0964234191873848,-1.50326414455067,130
"61",15.4790297921067,-4.60732996941682,2.73970137370614,-2.64172958809381,1.68871719260526,2.73521406268171,0.78023890129097,0.961014359435447,450
"62",20.5789509034124,-2.79510107370094,3.54502557350117,4.32571990352458,1.65873944745069,1.06087333312732,3.51700859194433,1.00119338911186,650
"63",21.1189674036458,-1.4709411912552,6.00599101036614,-1.6196628567226,4.40327504478848,2.46654539685351,3.50924403334233,1.08863229149256,700
"64",-8.93078134422965,-1.03694044711307,1.18263348547003,-0.621885231288991,0.709539706040351,-1.19754921301744,0.0728100146102108,-0.307234099289486,80
"65",-3.8872705444116,-3.85203392813352,-2.99189871838393,-0.0922080993519955,0.479167897772607,-1.99674864591803,1.50077905836333,2.25446448116943,180
"66",2.3159857288327,3.63381006728403,-1.87313136790735,2.13709116101259,1.18413243281703,0.48116399079518,1.60542555526082,0.0573013651237663,330
"67",2.67326876295917,3.72459016043097,-0.228472866936794,-2.08688633866746,2.3868361843511,1.32820592887596,1.18841571530829,-0.163358064301771,290
"68",4.74340785499085,4.24146721462657,-1.02908050785459,2.32280423885155,3.65948986486906,0.252792656915867,-0.163408502479028,-0.623651646028386,400
"69",-10.1436420940756,-0.741331324299988,1.8989000268955,-0.469609088296421,0.0344960296913724,-1.01936741628743,-0.350703270848583,0.509485861588444,90
"70",-10.4578235887359,-0.354228999985763,2.14582522636433,-0.474160498037831,0.680235336038616,1.14098286305545,-0.553543433229491,1.06800965924084,90
"71",-8.80768601636461,-0.537389020520905,1.22712794237052,1.06691656985078,1.62178427442631,-1.83229259134293,0.13356089111756,0.720998104050048,110
"72",0.28138390896416,3.54578688102291,-0.351638616188094,-2.37567973569811,2.05733761326225,1.70294176417552,0.202658360264397,0.402099233365706,290
"73",-9.2337922819762,-1.039918719824,1.47646401717919,-0.69416338666463,0.895757590760638,1.18746123017883,0.208225580743891,0.856415819670562,100
"74",0.0773996701902146,3.29167201590007,-1.31330145001998,2.46353638994159,0.905508465042352,0.779641658686278,0.821277285627,0.187461124407684,340
"75",-6.42974374633147,0.704576284911947,-1.63680497854791,2.10783256750326,0.423528845491776,0.211185341549185,-1.59557177238112,1.04693177192114,140
"76",-12.0872911137007,-0.428640187101755,4.899963325221,1.86106421107394,-0.219436387298621,-0.502440679979713,0.649101790735284,0.931418578947687,70
"77",2.36267298746483,3.60958860755867,-1.87151085943114,2.1154162169988,0.972688663935277,0.549993057589802,1.69454964462791,0.344948066394083,300
"78",8.31523718581413,2.15240924706654,-1.14259110678738,3.05255723162893,2.14856991329664,0.467158459409292,-2.37874120008916,-0.438939420200455,410
"79",2.73442866768937,3.72295381490451,-0.296117147263949,-2.07280158998527,2.18375502533637,1.5232939344641,1.42760980071109,0.578330763303602,340
"80",1.53420482636747,3.5263960250253,-0.909264829042213,-0.0337318206906767,0.0417821847741683,-2.4730502917392,1.84985382586837,1.57769708655612,260
"81",8.36716034010056,2.16369096552886,-1.15897425288861,3.07154696387738,2.26618188020784,0.509383918707856,-2.3109677040093,-0.159376571601464,430
"82",3.91740595969056,4.19927147376324,-0.27626972379344,0.539116736182121,1.86490741659819,-2.05306323818201,1.08050396422422,1.22874971615808,370
"83",-6.17796175513791,0.0170416743231307,-0.914610228497155,-1.74729205986306,2.13276286892526,1.11645048910636,-1.55696659473559,0.996523358651626,150
"84",-3.45430243712971,-4.13855188451749,-4.02273555227912,1.5155947695524,0.611326862769667,0.381910084637234,1.26267270381017,0.150577850996579,140
"85",-8.83434163372691,-0.645578372964701,1.27218914618364,0.926362471880365,0.191844138662555,-1.56614807759536,0.388205078750032,1.27437566288083,80
"86",14.1080576254948,-3.41680846793439,-0.0574501603880407,3.86607722616666,0.523340468001318,0.789185814367867,-0.806214714429178,0.523235601553961,510
"87",20.4057150889545,-2.79785830202848,3.54964080460154,4.29573356369275,1.34406829094559,0.953376266455237,3.31890393670086,0.0895543452226047,650
"88",-4.82055930297163,-2.02964260928848,-3.39563290830506,1.8212072053732,1.86313619273445,0.258071131046439,-1.0732107952619,1.41418626157089,320
"89",-7.89522106830122,1.58825217944252,1.04478723659989,-1.05888479475138,2.29350133942451,1.57971528170958,-0.979136885410538,1.89843652232089,250
"90",1.50414553324443,3.54615599342182,-0.913331787191118,-0.0119376241746627,0.296921217700194,-2.45378662830228,1.8455405044767,1.72342830155126,330
"91",5.69005022459985,3.29687964992232,0.201674155845707,-1.97986222488249,0.704452000777527,-1.92602813616375,-0.992612356349432,-0.228871966111852,450
"92",-4.86548556878745,-2.14109955289735,-3.27464143696028,1.65288647284346,0.511138336045496,0.355002071865675,-1.02239990277175,1.33118537978165,200
"93",-3.5117178296184,-4.11922682096021,-4.06234599224552,1.5459452034002,0.822647450955985,0.40379419014209,1.25882323070064,0.20631053736893,200
"94",13.9038348772908,-3.41136348815546,-0.081109003721871,3.85456902175418,0.343878623859767,0.508215431282099,-1.17397842451046,-1.1444617910667,370
"95",18.9766332633762,-3.91333042900216,4.18749795173126,1.0199471301937,-0.298039635872502,-3.30832554408234,3.27026084539455,2.31530447984836,400
"96",10.6005096916401,-1.13930819095714,0.922350573880456,-3.09984792186112,-0.534145226169556,-2.42734397007065,-1.99567281301653,0.518219477361055,390
"97",8.04764780112958,1.9226760623023,-1.07841631812198,2.81034332832923,-0.250680317858581,0.821493776099735,-2.14047519235515,-0.179601175957204,370
"98",21.5706500921252,0.681417558885178,7.25486935586641,1.39629996764741,-0.208215832569216,-3.08921793785386,2.11622396487727,2.74647634220663,390
"99",-8.82074759658071,-0.0340123405196968,1.77017732928457,-0.624869361838756,1.10642075497963,1.35755901049968,0.522378296539606,0.841972041052007,130
"100",9.12229814087898,0.391820572181271,0.759488995749999,-3.06455906497324,1.34549237751028,2.49559862171333,-2.46965614512582,0.786278240150293,440
"101",0.156174368140282,3.46230609547433,-0.289316408285493,-2.45122259972781,1.30894102051408,1.85909788259998,0.300112679591856,0.685322314189621,350
"102",-4.90495252835602,-2.20975687878052,-3.07671277965885,1.56424979897115,0.260882280968425,0.200007301233805,-1.2296847909876,0.78919703602347,120
"103",-9.38660936662607,-0.924284580655403,0.776441106717659,2.12203348707763,0.236709352555811,0.310675613242529,0.127236232785354,0.395008356275203,120
"104",-8.83251815447254,-0.0594064250832706,1.75112212164139,-0.658491903287532,0.585859038168376,1.46441001978196,0.629924639704543,1.00422830127691,120
"105",-4.7072211166618,-2.9727012809672,-2.46568862122358,-2.22214968411096,1.30339936225112,1.08420566553199,-0.811466424701113,0.904206133735863,170
"106",-6.26456758759156,-0.0825010961479081,-0.855462650781567,-1.89225316835451,0.773471909557378,1.27475969702889,-1.45971177101871,1.00362433492441,110
"107",-0.0363174769250264,3.18698760567277,-1.33153017854413,2.29150294667512,-0.896397865938713,0.98412147611318,0.958771251427966,0.0327380311001277,220
"108",4.49040994629717,3.96667515123653,-1.02579822394797,2.02288449350242,0.29625237660086,0.972135362627439,0.46270647782167,0.740739892894307,430
"109",-4.29008984425338,-3.7136491768944,-2.80178713280672,-2.10316004108619,0.597353146110043,-1.94381085591701,-0.311263709979303,-0.344852630378432,130
"110",-12.2156020069504,-2.47844581734412,6.19048918836709,1.10648845397433,0.127614248627635,-0.19440152395658,0.655136258742672,-0.243222813885916,60
"111",-11.4713117718114,0.206157921604176,3.01141484136823,-0.0376980035750646,-0.11023726136315,-0.957535895264638,-0.625962629613608,-0.175032171213581,30
"112",-4.31187863151906,-3.77145654349883,-2.76545691295285,-2.13216295830931,0.243577380936245,-1.76487103058262,-0.124513095175321,0.368967625629322,150
"113",-8.69353241538762,-0.404584456882602,0.756121055064813,2.23813067715128,0.109643350833747,0.457778435338488,0.485151570052071,0.652082448873428,110
"114",-1.06122833584421,-0.494296052685871,-0.241666028650153,-2.12874927900496,1.11955672606656,2.40269681200288,3.28151958928411,-0.249792176124736,240
"115",-12.2920201801596,-2.64228715026163,6.44623562776706,0.939446259866723,0.477968792526441,1.18420838182265,0.209965808231866,-0.512673926372997,30
"116",2.29430377600138,3.61622290619738,-1.93133876918492,2.12641707447801,0.748667886686994,0.668020239143723,1.78339587301237,0.514226732007692,440
"117",-5.83302129217765,-0.641366815784666,-1.271393063824,-1.93323574311285,0.442482051486614,-1.8011825894704,-1.05066693100122,-0.0277082922920823,110
"118",-1.03254842425808,-0.452195567441748,-0.341090955566261,-2.10125402879347,1.13675196659612,2.41867690591054,3.31530705259744,-0.327161023852095,310
"119",-5.42909737389537,-1.11469616637591,-1.82384868967934,0.130324589589659,0.302662373121617,-2.30851147847191,-0.688483233440023,1.78625866507167,140
"120",-1.03926352149679,-0.479105759614748,-0.225310138277035,-2.1159322138701,1.40831850782338,2.36334969569856,3.23139109509604,-0.24987837251303,240
"121",-8.85057698077742,-0.607739829215879,1.2656139682874,0.956804965377665,0.588908228673569,-1.69802641904579,0.211880003868897,0.758052300382889,90
"122",-11.4876962136444,0.193086055569796,3.11523979305995,-0.0221504156310052,0.496352371513189,-1.08423477753365,-0.782460853932443,-0.265709936688321,70
"123",-8.6626219429788,0.437523935548439,1.79061292178839,-0.513719059125138,0.542003268851365,-1.16558278047196,0.00886797328401692,-0.407924908273649,90
"124",10.6724510388741,-1.02573442558984,0.751962976538439,-2.99528318453136,-0.000316763648566543,-2.53368558613396,-2.07750531482765,-0.0236683091997409,450
"125",-5.34424898359301,-0.944860826182068,-1.81798071305155,0.313038270365531,2.41417676957208,-2.89992005077424,-1.27923796989974,0.164456463302218,130
"126",4.99852417138483,3.72497547961918,0.437095296484627,-2.25785646714793,2.10456355949187,1.74711373186964,-0.557701834734209,0.720061449521219,430
"127",-3.19542880777267,-3.99494264619651,-2.85729921486292,-2.40682183075415,1.44112289405871,1.41136893509701,0.638347870302118,0.037684689777555,160
"128",-8.96947821076467,-1.09746285299495,1.20798532531132,-0.703386753397918,0.0125013171420021,-1.02286064284498,0.205366186499963,0.122034675812874,100
"129",6.81392913471563,2.67936559676993,0.00288899290976653,0.651352810537153,-0.238116431448282,-2.37645513538954,-0.781155864157951,2.33445703802759,420
"130",0.0442549370027222,3.27447253683668,-1.2920597668903,2.41896722748962,0.574376561113314,0.764102010033088,0.751973728420261,-0.12654248691118,320
"131",-3.20401630074756,-4.03040474244666,-2.78516639853061,-2.45136515222479,1.33765253336814,1.41242017449594,0.625341349371967,0.149265430781348,140
"132",4.59015631207987,4.10246638623745,-1.01218479760939,2.15941305468969,1.94092776135345,0.596765190522905,0.0956277498431777,-0.0916017569531206,420
"133",9.10052130832323,0.307623385665468,0.752571172114571,-3.15261655115171,0.3345519473949,2.78078132405085,-2.1986557945553,1.5414267715476,470
"134",-8.49448554767943,1.21002617556779,1.59930120777587,1.20434061249206,0.554807376763618,-1.52248139957227,-0.324606547290606,1.48461183452258,120
"135",-7.03379775705691,1.20497621741247,-0.24767580752189,0.45845070534149,-0.460337567838152,-2.15199711541798,-1.27659384008702,2.282541139356,110
"136",-10.6955168042349,-0.0911464321313558,1.83418070019519,2.2157835154064,0.0960761504816932,0.150400184027271,-0.817236762060539,-0.354295133044984,90
"137",-10.6862434133997,-0.0844002717009565,1.70540698467936,2.21195605470144,-0.346594050718452,0.377496783094263,-0.560085457503182,0.280211048156839,60
"138",5.73410462613873,3.39343336272226,0.40008270481353,-1.8656360252639,2.59875586945225,-2.36548114323511,-1.46031229704971,-0.960484313837174,420
"139",0.014861237392902,3.29103409652313,-1.48653742455536,2.42302726694577,-0.1859693275909,0.959853304755888,0.947405459154385,-0.0788466293664679,400
"140",-3.15558598484678,-4.00409005139264,-2.97161760024588,-2.43479977953569,0.791637653974537,1.65463076203375,0.901357415995722,0.649525814985584,200
"141",-4.86519851154908,-2.15361025039811,-3.24878514810318,1.61092861361491,0.210124867995759,0.333825609064962,-1.08679378456076,1.03972002651661,180
"142",-10.6598473564812,-0.0697951957728113,1.70214565304831,2.22268760472653,-0.204679954611151,0.34258808672177,-0.603226580050829,0.17529728500061,70
"143",-8.8026209724669,-0.0644584507719643,1.7992829802413,-0.68992462019418,0.542266319596503,1.41139786415273,0.541120588031179,0.786842337578936,110
"144",-11.9288578527764,-1.91912249696747,5.5402801231029,3.16007931690717,-0.130318499780701,0.973983243010938,0.351259553558295,-0.316750531889844,140
"145",3.23959660749486,3.90822539869166,-0.118995017260617,-1.78762339016303,1.07549575110545,-1.57280971489721,1.26478253688599,-0.518627897927022,300
"146",8.22150137694413,1.98006455425158,-1.13664770310701,2.85515161162375,0.025386132905987,0.968717337348497,-1.94848556205637,0.643635376778035,430
"147",14.2130934152328,-3.34725893188442,-0.0922200732433276,3.9320945123596,1.20762680676987,0.608097007666447,-0.979970761824131,0.0145885869982683,460
"148",-6.45881831630178,0.628022758866891,-1.55442166007639,1.9721835578007,-0.629142047127813,0.305499011971901,-1.5798804821017,0.956443455901977,100
"149",-9.34023134591589,-0.842700499876489,0.569154097913955,2.1847265567186,0.117006565628391,0.381197498246101,0.20676615467182,0.199224687006359,110
"150",-4.23913301068201,-3.72866113771417,-2.89600266542257,-2.10392814359425,0.203023350176154,-1.64890191354391,0.00508601105632343,0.667332244234533,180
"151",1.57333031736342,3.53961884616902,-0.93182445711348,-0.0340600467865998,0.0203918954664065,-2.42272317606026,1.87070524306894,1.69323517941373,300
"152",-1.01222384916147,-0.433222983176458,-0.228860659348475,-2.08645904519058,1.73143912000968,2.17821178482334,3.02680188147734,-0.998811658828857,220
"153",10.7499513187877,-1.03193869327755,0.744574766925861,-3.00232088116919,-0.046138897817647,-2.48685529363318,-2.01379065045821,0.231309230066587,410
"154",-6.26554041022074,-0.108131703960327,-0.878670593430304,-1.92534300971635,0.365859299140707,1.43262712617184,-1.32243800636003,1.43659082013443,130
"155",-3.16497468022681,-4.00658679166326,-2.93384912013731,-2.44271261001116,0.91256994018605,1.59804512665881,0.83239391075752,0.519524924840117,190
"156",10.7200221949021,-1.08008910947441,0.717454796099745,-3.04927890023408,-0.716361836906478,-2.32779571144254,-1.85571979791648,0.553485768732077,390
"157",-3.51245338072289,-4.14619558335137,-4.01179060387333,1.46253191127653,0.118519957283849,0.323017710116601,1.11833060163017,-0.569109986363728,110
"158",18.9458943039717,-3.96375982326165,4.15826202297853,0.950293282826675,-1.15146882593167,-3.13356617638719,3.3909536165558,2.49358892918136,420
"159",-10.1363590885828,-0.693113871838106,1.78462695970388,-0.462907786045154,-0.0896909417738719,-0.989044538733718,-0.375016734681957,0.245709794220072,100
"160",0.850085321565379,3.4478918445373,-0.613560940342167,-2.50597447303792,0.24641272095306,-1.86983222525588,0.742371578133832,-0.675647296797633,300
"161",3.78743879206476,4.04903995254078,-0.340995279195884,0.359936840473467,-0.414820774764183,-1.51546674145055,1.52720967090912,2.15561181768808,440
"162",-1.18239951243892,-2.1035067325386,-2.65571604032741,2.04920932140147,0.0832212775948191,1.05247305332464,3.12736293378587,-0.467309577597704,250
"163",-9.67329691325408,-0.578205837841971,1.36317734487915,1.10440309601781,0.792641652934716,-1.67480754395918,-0.221206017525759,0.402814198064126,90
"164",-10.4899726528213,-0.401700808942352,2.23320359542629,-0.589169427131897,-0.0971512983013069,1.12758601787573,-0.671136630154934,0.566418097460124,60
"165",10.5905157239348,-1.1095497995688,0.743823524606541,-3.1042999437068,-1.18555808086032,-2.34268831233176,-1.94492698893942,0.104525837901304,400
"166",-10.1320815799803,-0.705462553528246,1.80674492377986,-0.4859417126787,-0.276616240385293,-0.997494611344528,-0.388705155713431,0.137833228823442,90
"167",-7.94401758499225,1.46396264041515,1.19874950574522,-1.29757950869008,0.291038229202492,1.62777038079802,-1.0492931631032,1.12655465778768,120
"168",0.157388277904856,3.50597401445804,-1.32378144264449,2.63607335057102,2.93593780090432,0.107767873579758,0.0796863524110803,-2.05794818564178,300
"169",-7.92246148932624,1.49057140658992,1.16614772834507,-1.30572839696726,0.226832845504212,1.55934182541199,-1.12185031630005,0.721893071482771,100
"170",-8.04371926953522,1.48262700935586,0.62223104853302,2.36628974707113,0.0778111618650866,0.448284844668316,-0.856857715129531,0.125077436167145,110
"171",-3.50703284803322,-4.11164071115906,-4.11064585577615,1.52502926328453,0.387825523553261,0.438316432412022,1.24836796769976,-0.091063575469584,200
"172",-3.93867169682398,-3.87062822938205,-2.93229775271728,-0.174013619717139,-0.0547339148466418,-2.10568949662743,1.28045755074921,1.34872794463817,140
"173",-1.07637303656582,-0.484786647172053,-0.305510118614252,-2.1784836833246,0.529014343481533,2.41979531375939,3.23755567220197,-0.732656510541875,250
"174",5.63108722857563,3.20303233751427,0.370081218538748,-2.10548897550023,0.0648290878243923,-1.83705279874721,-0.994387273751008,0.037481324290888,360
"175",-11.8787130338013,0.00390135407050056,3.8136726881856,2.47907019018012,0.340434436618661,0.451543540449377,-0.211154443638445,-0.508643532996157,50
"176",-3.91427446582845,-3.81568146843507,-3.00419315975805,-0.0945435072835483,0.494265033334395,-2.13133013666666,1.27900935781372,1.39920346755412,180
"177",-10.0969404319502,-0.620936213930847,1.60182828377483,-0.400801129683936,-0.201634383949038,-0.964543738774812,-0.31749418610123,-0.0699155297819559,100
"178",-7.92194644907081,1.5204103031836,1.16208652008874,-1.28459516316872,0.395760996795914,1.42652217898444,-1.26582526838317,0.13558831606451,90
"179",4.44660659381306,3.96518906034948,-1.07070748163292,1.94919557029042,-0.38728867526917,0.921928867159269,0.318157459530692,-0.112312899126301,350
"180",-0.00357735943380437,3.25161752394089,-1.34275340134228,2.33255186660469,-0.35380021420555,0.820132701641089,0.733467614871677,-0.600609205241905,250
"181",-8.6932858474434,-0.403454386731431,0.704346950985872,2.20348348211499,-0.472438605506901,0.530847266865829,0.497525826696905,0.411527158838411,100
"182",-1.23814788525972,-2.18745872041889,-2.54308329400501,1.90890093905273,-0.918539945878832,1.05199457266797,3.06143315114743,-0.870656803097663,150
"183",-0.848836207414621,1.2105308676547,0.265516913314154,-2.08415579738664,-0.0251935498905433,-1.33940555894926,2.63958611343135,-1.18620997146158,210
"184",-9.37619954484347,-0.92263424291966,0.710743967981894,2.07459814908621,-0.635961314858071,0.423089605676496,0.181748057606799,0.127957973835601,90
"185",-6.28771933971597,-0.148206038832574,-0.77862375089138,-2.00599799882065,0.0405592808815369,1.37714985814872,-1.44303387224222,1.11763154136489,110
"186",5.57623398307713,3.12816895200856,0.349373979109041,-2.19204923515865,-0.994098314867939,-1.61176220426812,-0.796389730586546,0.418983334807934,390
"187",9.11326967613116,0.303925201225758,0.699313860362311,-3.20475564016242,-0.180529173513506,2.85024467537965,-2.17532599023004,1.43013894384432,470
"188",-4.74779948548216,-3.05357006995941,-2.37532220943727,-2.33275350344865,0.390395275281177,1.19180417873386,-0.792148224119187,0.904362695145432,140
"189",-1.24366234401129,-2.23351656598148,-2.42051804742788,1.89350044269309,-0.621408939166954,1.08134088343904,3.08577955986423,-0.303938626337935,170
"190",-3.2114448953716,-4.06697526637352,-2.8960350512106,-2.54396336954778,-0.0028814707650651,1.69621266456183,0.871970380257181,0.449022644859357,160
"191",-0.525421566523537,2.66195573337342,-0.035208989708199,0.470861060510395,-0.339362043157296,-2.04258076750312,2.10061935840494,1.29202395806453,300
"192",4.44441168699099,3.89181511936075,-0.98923538973134,1.89742488054117,-0.775252979846207,1.07888403163055,0.478152790555383,0.587366979280011,350
"193",-12.1439650208453,-1.55048739164009,6.16978424966088,0.867470533054444,-0.13061889426185,1.43774253679192,0.350603147726146,0.011588556087413,50
"194",3.79551451550949,4.03984109162399,-0.310612380830793,0.340715469318438,-0.431292289879253,-1.51605191961321,1.50787286809616,2.18738092181791,400
"195",2.28366191387601,3.54713456204929,-1.84447126701254,2.00855975189795,0.0456732622053407,0.729290512480641,1.75842835682938,0.493630762685077,360
"196",-11.8821227378913,-0.00632738414951025,3.77813304913856,2.46020422495835,-0.0429573546513946,0.557915258396742,-0.112456867925891,-0.325807553378006,70
"197",-4.87869163885918,-2.14804872468696,-3.23091266148086,1.57726863450643,-0.0779236819055906,0.230287171674251,-1.24578703515868,0.303767317391932,140
"198",0.823778831619257,3.35833523318041,-0.564676669166313,-2.61543217291567,-0.690549904911746,-1.68271993306074,0.901275034482809,-0.220868719691102,240
"199",-7.9288427667739,1.46367216005771,1.16649681953325,-1.34430274178932,-0.17816278352115,1.65777854870025,-1.03842235774209,0.937581334707509,100
"200",-4.32042712920106,-3.76423744319902,-2.80604215998659,-2.1987356303379,-0.336231664749872,-1.74881758919208,-0.20374369331895,-0.120138435091579,140
"201",8.04681414884883,1.8701054784324,-1.10124839048509,2.69941283925973,-1.46152379383092,1.16345804820866,-1.87463663709389,0.567462962752499,420
"202",2.50753282023595,3.58232112432594,-0.244351134105256,-2.30680021470202,-0.0105419220480776,1.69944311186664,1.40271792750804,-0.0934735304694739,260
"203",-4.7553180644578,-3.01446245077676,-2.5133448787076,-2.31141756461988,0.160450671529734,1.26934940895072,-0.718067416394218,0.829689670450504,170
"204",-2.58086615752395,-3.76473711528956,-2.86241542221898,-2.27168722962362,-0.67933513729783,-1.4664026574254,1.30435640904703,-0.774355846273901,180
"205",3.6260298687294,3.92789001478656,-0.213909866782553,0.158933606180816,-1.86413770213972,-1.5215763451612,1.38184388184185,1.38917579070777,210
"206",2.47683755931279,3.5341093951631,-0.240250647898407,-2.36789080990558,-0.651626235023005,1.84238776628222,1.52169796018006,0.19253782771957,260
"207",-0.905208585877866,1.19199609753959,0.17848219224436,-2.15806789457354,-1.06596581087451,-1.22262678276721,2.70435630058879,-1.49708387838563,210
"208",-1.14903203479315,-0.569535252237552,-0.180080256689203,-2.29042780124727,-0.223431362601521,2.47129598065361,3.19797079835844,-0.827975987248742,170
"209",-12.0996495247002,-1.47250966938575,6.011799799811,0.903867039646486,-0.390991495906819,1.40609810408297,0.306461363863451,-0.698707408883452,90
"210",-11.8403894680959,0.287570791158751,3.43044102815887,-0.171696479823442,-0.579995416592725,1.17554076389145,-0.656049715405496,0.320921226311708,50
"211",2.16701343069307,3.47900686065862,-1.80009200413074,1.87931544846919,-1.04661094934843,0.697689220383644,1.61694868299628,-0.349976378077565,220
"212",-0.0831470172553913,3.13713456244117,-1.245078599025,2.1892506123424,-1.61055192062812,0.997166452997876,0.825947420562082,-0.428869090166779,210
"213",-11.1396226877748,0.194403128259184,2.6488549835562,1.14808547784488,-1.20551135189285,-1.18851646128645,-0.460659944249304,0.780313719777351,60
"214",-3.20687785776271,-4.03339407200482,-2.78519871664342,-2.51813375493765,0.746110794366591,1.3930202710676,0.493709904810988,-0.498065361804787,110
"215",-5.8294643522369,-0.664668778834463,-1.28976876037288,-2.03043998080675,-0.516949379007469,-1.68316967443481,-1.06446013759455,-0.308165370323355,100
"216",-8.96780468133892,-1.11869240416691,1.24708833184474,-0.804972985068427,-0.750627852081673,-1.02306006219603,0.0716343455983074,-0.477363351744254,80
"217",9.05162701024385,0.310778264220952,0.816702730085979,-3.22706300893526,0.0855796882051144,2.62727895113607,-2.51024252799389,0.519926211199748,410
"218",-5.89400346736602,-0.737952531993428,-1.17312605844267,-2.10194864106424,-0.961182220433927,-1.64361033313883,-1.05884341976374,-0.20184219822613,80
"219",-3.24929094580408,-4.10857400146688,-2.75438371796808,-2.61026834969475,-0.0923265293581569,1.60602116657497,0.679932755159909,0.0751022802267413,120
"220",-1.12832927260269,-0.569150813177749,-0.17394154584006,-2.30925220930281,-0.339654527558347,2.46444372127473,3.16204588357401,-0.95997405521525,160
"221",-0.045545882887489,3.18348160133515,-1.32175332852282,2.21670758187372,-1.42750056748206,0.984333388704914,0.813512293155951,-0.526117730944983,230
"222",-0.0663229769766686,3.13725385877591,-1.21171880095724,2.17831980270724,-1.51025228184619,0.956173606763229,0.767013544214741,-0.510225893211245,200
"223",-3.94149105922727,-3.8567730390443,-3.07121091904311,-0.227891395234117,-1.05744170929483,-1.95693118293569,1.35678070659239,1.0397724125621,140
"224",-12.1264656430764,-1.54888140465045,6.21776588694782,0.812175677293502,-0.465599557286181,1.34294919869655,0.171386135947934,-0.695681873761042,30
"225",-3.23219694331074,-4.02600860400381,-2.82441497755463,-2.5139524803737,0.611692399188972,1.42916275114738,0.511543345625127,-0.548866706059025,140
"226",4.81143602653281,3.54058849510064,0.471012058299174,-2.52843333207504,-0.517607052138391,2.09353101389706,-0.402719132985278,0.635202319930712,330
"227",-6.27836888602054,-0.0845141114154064,-0.988724520606194,-1.99010593781761,-0.603941877704512,1.46550381736229,-1.39697619588635,0.588292109688108,110
"228",13.9931913867825,-3.50022394746802,-0.0573378682777972,3.69932208217505,-1.05730830562965,0.95249529383761,-0.840625388362242,0.0288087371856489,500
"229",-7.96835203488509,1.41672356961365,1.2817579851178,-1.44162513861498,-0.811384823723947,1.59706294975824,-1.22079590857171,0.273755172077191,70
"230",-9.77171454805639,-0.78492404389332,1.61698017778247,0.854742206322101,-0.973304299983708,-1.38393357440612,-0.0807169383191729,1.04821422576261,70
"231",-9.7504521348944,-0.728739809902825,1.50830718274163,0.888827300341307,-0.969826072797186,-1.43566598477415,-0.12270297481989,0.588538299009502,60
"232",-6.49852900972802,0.606966127284806,-1.53374734416775,1.86584588295801,-1.56716909472757,0.296853911287901,-1.73701011219609,0.12636284635096,70
"233",-12.1123860485038,-1.10764369692622,5.66493800126148,0.758772063436095,-0.923001850652106,-0.301603944798995,0.313932375353406,-1.09284797792703,30
"234",0.0698638368197161,3.39511479331545,-0.253568343019112,-2.66221038303668,-0.367501726625401,1.85202794621125,0.0774378440373225,-0.55368881867808,190
"235",0.797093373962875,3.3415949559804,-0.567300704431701,-2.68631811568476,-1.3522475758062,-1.67159657518836,0.813195152759173,-0.737979151167179,220
"236",-10.4702891594136,-0.36773141360581,2.1651241874501,-0.59660245306792,-0.361408378316916,1.13569665075037,-0.74963186918399,0.109225710176248,80
"237",-8.69816752376861,-0.420938042916636,0.777442645848616,2.12057343645134,-0.894398832175839,0.452394454205025,0.309203123746582,-0.234986394179821,80
"238",1.43513986972519,3.44171427948137,-0.896136965735979,-0.226020767145374,-1.75557508220994,-2.28971315985605,1.82244513869936,1.05774659282696,210
"239",4.38387541761403,3.89268071832934,-1.04859447853836,1.82081460025827,-1.55573801189908,1.08481652202384,0.371274812874175,-0.146159537137294,310
"240",-4.88763234650681,-2.19020136693893,-3.1669293874379,1.47178234347173,-0.785698360991245,0.258309440211951,-1.32112822932661,0.00376895699635607,100
"241",-6.17072137439115,0.0646505825531363,-1.21103165183412,-1.73159913558917,1.46730546024853,1.55928695847416,-1.22693587940488,1.82938107464055,350
"242",-5.45724754691943,-1.18433811940906,-1.78906174830351,-0.0375945136227494,-1.15226531948279,-2.14079317364941,-0.690349206176239,1.52441598109942,110
"243",-7.47519122889726,1.29187629468836,0.483303609131516,-1.55039165864267,-1.19261843229281,-1.4077941403549,-1.32438990892028,-0.17404580892289,90
"244",-3.56091513150932,-4.20034150383221,-3.98646908287318,1.32354964394529,-1.07738907645542,0.451395996787352,1.0884728012023,-0.881505906768277,100
"245",-12.2865651241752,-2.67640940874386,6.45082092951308,0.810822945956731,-0.622829453079123,1.34182642889511,0.201562130040111,-0.685412971268548,30
"246",-5.46415695794265,-1.20942612656018,-1.72860035735747,-0.0810502791026869,-1.34287792936062,-2.17543625183692,-0.742393101663993,1.37189025115549,80
"247",-2.56894867072754,-3.76706661083907,-2.85123864828307,-2.31276209846658,-0.959383250148808,-1.47445813130572,1.2276289656706,-1.07225773728183,170
"248",8.05487146660843,1.87117336847969,-1.0884167998195,2.65383890078006,-1.71956141511314,1.12333306423246,-2.00224400204964,0.108587366771256,380
"249",-8.69150861489095,-0.405778164446192,0.778475727459866,2.1295715615038,-0.75228332010515,0.39609112333945,0.235083360306486,-0.456208616560865,80
"250",-8.98650156550897,-1.16865912014998,1.38020135087874,-0.873838371795117,-1.04186664785438,-1.08597918486873,-0.0531459092370107,-0.785924893969878,50
"251",-8.68639802668497,0.382164288592041,1.79598500074076,-0.669112538393002,-0.954968723039628,-0.989449323694091,0.0205024235339624,-0.7285898610466,70
"252",-4.26728085664936,-3.71406789473354,-2.78449440153101,-2.19376336962745,-0.0148758053350915,-1.95949751737407,-0.498401805789921,-1.04878880897125,120
"253",-2.56021708067802,-3.77946478557986,-2.76233990524865,-2.34184198244554,-0.808554008959021,-1.59168886593752,1.09161501716841,-1.34717424957291,120
"254",0.0935275470577123,3.35554223131031,-0.260510206177655,-2.70912915581847,-0.900178161455686,2.02113655396121,0.247743186636425,-0.0461193738807435,190
"255",-4.898732419375,-2.1722368401527,-3.28153651043722,1.45863947683699,-1.31264068656543,0.34987203876141,-1.23988667541168,-0.127949717238982,100
"256",13.8316670358409,-3.57190388663194,-0.029957117879514,3.59368599557089,-1.98576058160286,0.931152850703873,-0.946219580030915,-0.661231943303114,350
"257",8.00075953203619,1.83804038074298,-1.02228284484395,2.599370074986,-1.92512855251145,1.04378906441048,-2.11648546945462,-0.261478080653668,270
"258",-11.1260823131885,0.160307540705809,2.72490635718558,1.05995957997259,-1.77749936808224,-1.19002600047526,-0.528767681651265,0.501070670579314,20
"259",2.14130844807483,3.49043730867645,-1.88674284332281,1.84382418718537,-1.58369354656364,0.766030728252972,1.62911480721816,-0.611915059915158,280
"260",-0.863759442818169,1.17825384536156,0.236278664992153,-2.20699236925465,-1.14720144883663,-1.22259724851103,2.64261706833295,-1.49519220457745,230
"261",13.7948772554344,-3.59515133117867,-0.0189708587055247,3.56381625962956,-2.25131063117138,0.95439848912061,-0.938008754570602,-0.697283344326988,320
"262",-3.25080608820238,-4.10242890145287,-2.82334288475895,-2.6239434627619,-0.535304412769123,1.70391645625964,0.739824040494582,0.0366619559731791,130
"263",10.5572741832694,-1.14375485636421,0.833887169098037,-3.2253911227936,-1.77944258528112,-2.38781678580713,-2.15921861914461,-0.535330276008642,330
"264",15.3098197155637,-4.68128540696987,2.75518533339428,-2.83545593617128,-0.0134107649931239,2.819401467961,0.587840546715954,-0.110081897458371,430
"265",-9.74325931174474,-0.725586349388215,1.46119487631298,0.884817913248622,-1.19732990648635,-1.35016316238527,-0.0559140030986576,0.712615587604584,70
"266",5.54686808029347,3.11466645392843,0.369524895753634,-2.27436996368013,-1.57966354987241,-1.62405158044565,-0.946913398225932,-0.186188915596267,360
"267",-1.10794083837583,-0.534875579158546,-0.29595838399323,-2.31667240690927,-0.758648544599951,2.5295281960981,3.19445441661102,-1.20862701284296,160
"268",2.09507697811072,3.44836576306677,-1.80602997459876,1.80252092390686,-1.8211144172923,0.746647604924062,1.56945546539509,-0.763022201236028,210
"269",-6.48471221760204,0.627740307201813,-1.52523293568188,1.88390964448844,-1.19811340683233,0.236095257125795,-1.82750775945611,0.0198209843557154,90
"270",6.62847602407361,2.54881325210022,0.110629919488969,0.394415305923834,-2.19296470736597,-2.28984148494634,-0.957493137934639,1.42189493789962,240
"271",-7.47559977329087,1.27917267414913,0.534387991503257,-1.5831960951034,-1.26898648246639,-1.45871484141554,-1.4056432415577,-0.388407499236204,80
"272",8.97344249570744,0.169992961594679,0.911790140728875,-3.42610286064354,-1.48260292780987,2.87860421317058,-2.36524311663726,0.904434801067513,300
"273",0.851254459763756,3.61553770821508,-0.574887412790818,-2.39519815923145,1.96885135652293,-2.82092695611461,-0.417025208898356,-4.56434299883163,150
"274",-8.49669870861916,1.15729939093406,1.585363967752,0.993076574603602,-1.42603898949734,-1.36425322142396,-0.371486767871835,0.729127858947603,80
"275",-9.35782012240076,-0.948542493455548,0.796777380626531,1.93448341822316,-1.67314625151614,0.361921361469562,-0.04385480023103,-0.890926566929962,50
"276",2.50428299858639,3.5369106385501,-0.228817235125585,-2.41906792781411,-0.963100890956163,1.81735857004793,1.39892847870711,-0.249735997135065,230
"277",13.8800004583756,-3.55741643167684,-0.00862510073458508,3.59450508392533,-1.80843521394663,0.90916015685685,-0.988753802380618,-0.653491623342766,370
"278",13.8474573265074,-3.60302048954521,0.00479237592261692,3.54164845499399,-2.30017442972147,0.987101795591205,-0.921816029086673,-0.524047338677697,310
"279",-8.49237768664077,0.734332467461367,1.71846502443057,-0.293578341707562,3.15365050691778,-2.29081989013302,-1.32192043880413,-4.8676394254293,50
"280",-10.619198845097,0.0231762941198993,1.53521736484483,2.20563316570129,-0.767653759962581,0.284148718373207,-0.830833002098306,-1.14778863069045,60
"281",-7.96141850178951,1.40736177112128,1.37231457888644,-1.49688754891256,-0.822752592993349,1.46259812731756,-1.44530037891305,-0.314170954208851,60
"282",-2.57490066487893,-3.7568688196067,-2.72827063941257,-2.34433010781198,-0.536680828142824,-1.72753783953328,0.886327251193177,-1.89620078960099,130
"283",-4.31955244634677,-3.76636284572026,-2.79851732634853,-2.28514669327172,-1.06080644025953,-1.77854526512184,-0.381197039300168,-0.947034327526781,100
"284",6.66712218972182,2.58730436892925,0.0744333251888267,0.423250603457765,-1.98966393876827,-2.34985019625373,-1.03427884727737,1.13158935850076,270
"285",0.0176028225207563,3.31924482545139,-0.134505390964799,-2.76863931335115,-1.04578713560783,1.89455036710498,0.0209470933695165,-0.673882588108927,150
"286",-11.1185287834658,0.178731367958436,2.72793186372418,1.0561985013143,-1.7004461604424,-1.26403284323877,-0.657018108047137,0.0939638578894193,20
"287",12.115690629624,-2.33261194953816,0.794491351856637,0.27881883802833,-2.60731619960181,-3.5161137750866,-0.864897059356468,1.6327304218429,310
"288",-4.31915680070296,-3.78752834406211,-2.78806729173709,-2.31390576863208,-1.34682724102125,-1.72714566940004,-0.33005487843579,-0.835622574261552,90
"289",-6.47105908644434,0.630969934683994,-1.47523169477739,1.86215068326117,-1.11730708526026,0.133675663815496,-1.97467300026558,-0.380016194109069,70
"290",-0.0860003736667811,3.13408776412611,-1.19593851123501,2.12592854616085,-1.85778997024711,0.924691198921899,0.635528996908691,-1.01482467108476,190
"291",-9.22409902160886,-1.02283107433116,1.37972895358172,-0.841467016875564,-0.712187857495531,1.25892790667557,0.0377767075620057,-0.402981102302282,70
"292",-1.29602899591198,-2.21907041574075,-2.49782824632885,1.77721038341967,-1.89756791053433,1.03630982064387,2.85406585928652,-1.76691852987875,110
"293",0.752584611717735,3.33499881667701,-0.494674972989819,-2.74864134561895,-1.52934785263845,-1.82739084843682,0.548651829610519,-1.6085079136046,140
"294",8.98935019865822,0.253835457860777,0.754604761917216,-3.35997383752588,-1.31331662511175,2.81037190197411,-2.43242947292339,0.32087927613416,350
"295",13.8296867975386,-3.55757820626464,-0.0713897916902644,3.59038806469433,-2.1919036918981,0.980684221223948,-0.942708995010678,-0.761992111263538,430
"296",15.2101085317972,-4.74672930615358,2.78542655955519,-2.93375770634151,-0.846396329708678,2.88126720252315,0.574120039174531,-0.336541156780368,350
"297",2.13258748704462,3.57214095720858,-2.08859034351307,1.8881224981097,-1.84461749612018,0.717823248028298,1.5440887665134,-1.52877868573358,270
"298",-4.31038441412876,-3.75562415484357,-2.77538674540177,-2.28297003582595,-0.937404275834538,-1.8810719406325,-0.492368408018265,-1.32723734432034,80
"299",3.66464530276454,3.95298638332751,-0.217713868717373,0.129876003076998,-1.9800776336874,-1.56264145892604,1.23236187730453,0.910472898225668,220
"300",8.03877530781437,1.87557482503601,-1.12530474236595,2.5925276595532,-2.19961173329869,1.10237815850949,-2.10393886352028,-0.438837947900469,330
"301",12.1478886338513,-2.32391952280903,0.892210896529907,0.270756406850317,-2.13000336606025,-3.65548269663701,-1.03033727905532,1.4377534108239,300
"302",-8.70253928088915,-0.431150353427432,0.795163024985732,2.04441764166345,-1.58144478495949,0.426473229015078,0.182573670227118,-0.915927463534762,50
"303",13.8691887350776,-3.51833784040031,-0.0378833861895254,3.617412566727,-1.65184991107684,0.82342203658905,-1.11294893798758,-1.13976119995664,390
"304",3.04667101507433,3.74744229150327,-0.0462612423593963,-2.09266121149467,-1.58419459627897,-1.30430484128184,1.24312122009482,-1.11300709762194,210
"305",5.53585482980518,3.18666784163205,0.315161782247449,-2.22614638348085,-1.23381427973911,-1.8027456345824,-1.18251714602931,-1.11026232962414,340
"306",13.8455541641763,-3.53923522383632,-0.0601678989615376,3.59617193209828,-1.9851694872692,0.871307418175745,-1.06827241212091,-1.14493248453129,350
"307",3.61670201452724,3.92401000712254,-0.18623573155494,0.0758678183290374,-2.3754694494989,-1.58679799341819,1.16486644411612,0.576698546729563,160
"308",-2.03510461737802,-2.85124821318542,-2.29599237607103,0.00621752192763995,-1.60383785010168,-1.9560392592178,1.86303593670038,-0.141908043296231,120
"309",7.98297657689007,1.82030569593605,-1.04840276779627,2.54829391880751,-2.5148755855204,1.12641978928038,-2.10314740633577,-0.399662593387395,270
"310",3.01036529118426,3.74957776387446,-0.115663329152895,-2.12146575961766,-2.03938916654091,-1.27674611295736,1.25788712041372,-1.38345783235278,160
"311",-12.2714744962445,-2.68924701110925,6.50073954998108,0.73737188186559,-1.16199218643093,1.30023151191007,0.0767866527687047,-1.24765510785002,20
"312",0.733985061723035,3.31750076512363,-0.538725167468541,-2.76836044430204,-1.97124139913188,-1.68363708854031,0.68231624244497,-1.3135156063834,190
"313",6.63745897486765,2.58473683466155,0.0492358444882274,0.41167041741725,-2.22976173342623,-2.3303883098962,-1.03937707482572,0.970432222062459,260
"314",3.68865868982664,4.00580270212999,-0.21345897004681,0.17576853761826,-1.39665458787006,-1.74829109523638,1.02949731577648,0.329731995097619,210
"315",-0.0867123893014227,3.13967306775788,-1.17461988062593,2.11364287208125,-1.85102021082191,0.839586667009214,0.523201432009957,-1.41096020395501,140
"316",13.8128073112491,-3.54375908987869,-0.0176708481900956,3.58208436919339,-1.91386097565786,0.805507239290843,-1.15664416829228,-1.36292873459477,330
"317",-0.945530759869657,1.13106957610071,0.371769609053266,-2.30293916115003,-1.66228003244595,-1.38916561902975,2.3474292026921,-2.55316980350779,90
"318",2.0870007263346,3.44154635280358,-1.75218900014829,1.75867623930158,-1.90904201415211,0.653427296983796,1.4075404869226,-1.24258883346976,160
"319",8.97960800241384,0.260487205974354,0.868356470296795,-3.3498633672313,-0.764870791686475,2.57651677945874,-2.70555974059771,-0.316186048414175,260
"320",-8.96879588943742,-1.14719201241783,1.28632036406509,-0.915103618909142,-1.61193724148672,-0.995936152001391,-0.0341759183089509,-1.00049569023987,50
"321",8.95555390262471,0.209865188906398,0.873408783141137,-3.41526861533975,-1.43917294628299,2.72685109885945,-2.57669225103568,0.00153603953747355,250
"322",-9.34712163048449,-0.946320383089596,0.870347309535198,1.90842134757925,-1.45002235780888,0.225650318347407,-0.24744420261322,-1.34818581857273,40
"323",5.47533051197086,3.07392325952683,0.441527972703954,-2.37291246076447,-2.15113697430988,-1.67867777252396,-1.11407330142261,-0.797295535849848,230
"324",-0.130709389263621,3.08164557375005,-1.12570118207235,2.03164728732012,-2.48546887301106,0.936231047398284,0.581563234773269,-1.25609585338788,110
"325",-5.47086790894124,-1.19007139862822,-1.80371136246264,-0.106639024723711,-1.93122723750478,-2.14455467884305,-0.791797836068812,0.820382621978833,70
"326",0.723997168942446,3.30911523895585,-0.524250142805728,-2.79252587632259,-2.13455437709172,-1.70187847060695,0.638610998755482,-1.50204687977805,160
"327",4.74709122439099,3.53684525234373,0.531426774414167,-2.6177731260758,-0.926254017042662,1.88121069119287,-0.78348236387324,-0.762424896680506,200
"328",-8.53619047631754,1.09004061276631,1.73326372878869,0.888586907780884,-2.02339244441544,-1.40769605578166,-0.505468005885469,0.317967602666216,40
"329",15.2384032179441,-4.71769541620372,2.77354844556501,-2.91597788089621,-0.692356929742854,2.86575253000722,0.534421474969223,-0.426969765144583,420
"330",15.304904725034,-4.61350304222845,2.76872548338908,-2.80986763690389,0.494442025828772,2.57222574708691,0.257644275246695,-1.14234511772363,400
"331",-8.87981341872916,-0.68775433001702,1.2691903240342,0.717178519183612,-1.7620972176172,-1.44209068149965,0.213122541730655,0.146958103866465,50
"332",5.49595511793033,3.10700121190547,0.411460952288946,-2.33541779688058,-1.88176177563279,-1.75570872984017,-1.18186026411627,-1.06631727072399,240
"333",12.236581174091,-2.26384438504795,0.790297795594674,0.347431260923502,-1.83232245546607,-3.59161425640918,-0.931157434980896,1.7006841932219,420
"334",3.03818482237943,3.76351302575425,-0.0974976815993584,-2.11059635485474,-1.78417487405581,-1.30721912190022,1.21730058088054,-1.36066451516829,220
"335",-3.55327257047268,-4.19247089419141,-4.01861163304989,1.2922799922235,-1.44658768133896,0.487519112443932,1.04681662099622,-1.15229222396854,100
"336",2.12489073304447,3.47900747333722,-1.73782635517502,1.79594657604029,-1.38222240241248,0.563393102473066,1.30973142632895,-1.36353350281843,200
"337",8.02508874306372,1.86892163177936,-0.989402161055182,2.58824099364405,-1.7167058136551,0.922289877657774,-2.32594263694994,-0.819872095594372,300
"338",13.8729084360278,-3.47850990991867,-0.0245090779345412,3.64548205111569,-1.19352748549457,0.632317073387205,-1.32936033092786,-1.79742938154032,330
"339",17.1904737408611,-4.72150835576528,3.43384465487603,-2.6594437575554,-1.09430421402756,-2.29445079990511,1.38679716315808,-1.97044194348032,300
"340",19.3223570305591,-3.04273860470455,3.87020630000084,1.80804044192927,7.9360843622855,-5.84993061286861,0.528188689581785,-6.34531929327863,350
"341",10.6572778279087,-0.895710942089787,0.850118971292712,-2.99775783963823,1.05182505538755,-3.2740938246967,-3.12953313978805,-3.31854531189253,300
"342",-4.70226292609337,-1.67949772822649,-3.11678510696954,2.03007883708676,5.97612912429295,-1.96733820125581,-3.71240777852532,-7.0500821468405,60
"343",21.298655858028,-0.311644258695883,6.98555622234965,-1.96618996313264,-0.0110220806644992,-2.11905823123916,2.55891343479533,-1.08191187230725,450
"344",-6.4657728724377,0.598835164004078,-1.48338746160018,1.79011907179597,-1.92948322266034,0.255321810006746,-1.89988306211266,-0.37349588001725,50
"345",-0.0695329943916817,3.16128811711243,-1.25698439139142,2.09576524034618,-2.19666555028577,0.872070220224583,0.531389537998578,-1.64917039717984,120
"346",9.0036165219348,0.236134890351222,0.833755514595208,-3.38766936371092,-1.30082857204472,2.71464461007253,-2.58136575878353,-0.0528978477488533,240
"347",-10.4610265359407,-0.418710032423912,2.3045826811964,-0.750764443057711,-1.22629362578803,1.06081158026957,-0.979532552908504,-0.694462282142295,30
"348",-8.06488353120363,1.39516344220487,0.755949665825564,2.11170960718775,-1.77554184071815,0.473264128548069,-1.10051174848083,-0.994363950733118,40
"349",-8.83270601273292,-0.154763031782764,1.96933563584806,-0.961919629515594,-1.28388509817665,1.39911342113478,0.231734314305099,-0.464500285409123,50
"350",9.0359514900815,0.25660827361209,0.758063301934245,-3.38172838925053,-1.41297800661703,2.79884086703612,-2.47857213302566,0.179035089279943,300
"351",8.02367127722603,1.8637641447885,-0.942880969723371,2.56727534558257,-1.63902925098845,0.834951138187304,-2.44222290650165,-1.11364674400871,220
"352",13.791873848992,-3.58802611235571,-0.00399979535736879,3.51563611846624,-2.49152492160284,0.882763923420837,-1.12058015194983,-1.34014803913197,270
"353",-6.2842789118697,-0.185226349070475,-0.711192188538754,-2.17943365082619,-1.23340106882423,1.36209889018286,-1.68651441326712,0.0528355700507608,60
"354",13.843095272123,-3.55230716964152,0.0164820202348459,3.55578106962,-1.94067730814255,0.78779204890526,-1.20279964381532,-1.41220202790211,290
"355",2.08851985386348,3.45022311199275,-1.74977851219872,1.75040630133698,-1.92338972876876,0.621291454866595,1.33909118135179,-1.47005789996339,160
"356",0.0583149698794152,3.3651311344686,-0.110222342573499,-2.75100188488198,-0.607072182237633,1.66103054131503,-0.267494681866873,-1.57105334602657,100
"357",8.04430723760977,1.82754191468749,-0.983657414483962,2.53578359134413,-2.2083463392682,1.03061670221414,-2.2235075386426,-0.540248731754028,240
"358",-8.06523745497437,1.38467217167918,0.740870754972215,2.10644813100874,-1.89851073331934,0.554745414212795,-1.01015040447894,-0.691304365666917,50
"359",17.1644814808172,-4.75889182728012,3.43531462764618,-2.70821189632495,-1.61723301790504,-2.17434934420919,1.48313101845655,-1.73829519263888,320
"360",15.2599597649674,-4.69654282358339,2.8603310278923,-2.91537627394004,-0.0868226216684646,2.60405065027511,0.242703601431719,-1.12486446950911,280
"361",8.97685086288264,0.222829224168774,0.877971967575809,-3.4098648333079,-1.30314056479531,2.66492671461518,-2.65091542899287,-0.21664283391222,220
"362",13.9778152037837,-3.42773172393387,-0.0393660467483482,3.7005734163415,-0.591502555732212,0.53312323468733,-1.40568390597054,-1.89746839796354,310
"363",2.51343875879787,3.64256836013036,-0.356831784261368,-2.3606045494806,-0.632964317397462,1.5637348066335,1.07625940545913,-1.69071219604392,190
"364",5.50493950883229,3.08739560595638,0.512952834007132,-2.34726025703998,-1.65737745404532,-1.84989879001707,-1.30087102853905,-1.21787948103183,170
"365",4.86274222239438,3.67210268674452,0.219102296983928,-2.4956241317098,-0.730467621503264,1.93178446468875,-0.67175662477375,-0.977015788067959,300
"366",8.98470617914504,0.276272731954056,0.846689417513515,-3.35201164378323,-0.812656361349984,2.52347129860165,-2.79167621294288,-0.699209999898402,200
"367",-4.76193652080655,-3.07325488909971,-2.35277247808228,-2.51663128431234,-1.01241560965144,1.14631266685131,-1.07806410734091,-0.469303175938332,70
"368",1.44404097650503,3.48858289951725,-0.946080861842457,-0.270381951560985,-2.05735332311482,-2.45097976126383,1.53002444642258,-0.202807405442967,150
"369",-3.25425665726129,-4.11578570025116,-2.77810990885626,-2.70228307280833,-1.0534073114671,1.63868437448185,0.570190154917616,-0.656401408023441,80
"370",3.67427982917227,4.01387358564885,-0.238978304562097,0.168036553818018,-1.56208611898337,-1.75736018611777,0.98304961662857,0.0505198212319642,220
"371",-0.890711430254486,1.18666324605372,0.198472769584404,-2.26828203067361,-1.91287127357375,-1.28258085036147,2.46412478180765,-2.5535448723401,110
"372",-4.9210073924238,-2.23264710209037,-3.10666431691139,1.33804283742132,-1.81231471399374,0.253358242842748,-1.47822191824843,-0.753873084945087,50
