"","","","","target"
"1",-1.61904216175732,0.449842962519307,-1.77421493256657,5
"2",-0.798872047422596,1.85549270846123,-0.912383785886779,5
"3",-0.748246139418059,0.881131812885996,-1.17153427069089,5
"4",2.35694260733974,-0.269818226571416,0.243551390896696,6
"5",-1.61904216175732,0.449842962519307,-1.77421493256657,5
"6",-1.58322087572398,0.568157753123421,-1.53819467779716,5
"7",-1.10112361713362,0.607301320976202,-1.07586632539101,5
"8",-2.24801147735514,-0.417139906140994,-0.986283084484948,7
"9",-1.08657616344375,-0.309271276774743,-1.51756606113087,7
"10",0.654596700801712,1.66524924806038,1.20832680449139,5
"11",-1.12485390989646,0.859799015171886,-0.772504470267183,5
"12",0.654596700801712,1.66524924806038,1.20832680449139,5
"13",-3.02591462659553,0.49322992402609,-0.220447478589018,5
"14",1.53840529893791,-0.235700228144621,0.0467097076057398,5
"15",1.56496881594526,4.79420423114426,1.41191232774054,5
"16",1.62092778637706,4.77905925137748,1.51778994010141,5
"17",1.17429457532864,1.14346314171989,2.39279051492468,7
"18",2.69438299798339,1.21441244571059,-0.12494110549081,5
"19",-0.722253767565476,0.503677476289837,-1.74668204515397,4
"20",3.33429289080348,0.753129905183004,0.456839523326732,6
"21",0.623517675481225,0.440379282657536,0.981572031966612,6
"22",-0.20587825463846,0.967701690631243,0.454160107119862,5
"23",0.696170115845343,-0.397270886423916,-0.25596270088937,5
"24",0.0530574202963546,0.415933190284875,-0.932347333365261,5
"25",-0.878249071177608,0.380938430366112,0.0712089891312729,6
"26",-1.16428979333877,-0.610536002921929,-0.567568370279063,5
"27",-0.239373341846719,-1.19420173953006,-0.997600852970388,5
"28",0.696170115845343,-0.397270886423916,-0.25596270088937,5
"29",-1.73467998847513,0.587764607769038,-1.57697013357639,5
"30",-1.32199395048521,-0.411077619631279,-1.53853149778952,6
"31",-1.55926447255412,1.16141028503859,-0.273602272809453,5
"32",-1.80496949986128,0.670520648334676,-0.490373812531547,6
"33",-0.0895495916398514,1.56378605403252,-0.194922406578041,5
"34",-0.0866466798403433,4.39645140517771,0.594643013411215,6
"35",-1.08376583090544,0.0620397955558289,0.0442874185504089,5
"36",-0.561497424531308,0.518622905824222,-1.94067709115927,6
"37",-0.827916162013103,-0.988813405426779,-1.1712293896285,6
"38",0.433915830430087,-0.549532580006938,-0.111634414148366,7
"39",-2.98578620610801,0.318390580172613,-2.4292953078021,4
"40",0.764125094199447,1.05920574729127,1.01818716623308,5
"41",0.764125094199447,1.05920574729127,1.01818716623308,5
"42",0.350780212686318,0.714944070180988,-1.0599691043669,4
"43",1.40092659426325,-0.198386379193701,-0.666054414655503,6
"44",0.36169978662309,-0.680405359877392,-0.0526660543042641,5
"45",-2.14138073365005,-0.594210225536199,-1.80437095790331,5
"46",-4.27763634819539,-1.27339755973136,1.87279770762182,4
"47",0.233176133011607,2.48415007208651,-0.440853188551243,5
"48",1.23269288191736,-0.670381860952582,-0.0817425958468494,5
"49",-0.939021447148988,-1.07333549994044,-0.923882016753642,5
"50",-0.657663718538315,0.460570305086337,0.706797105993478,5
"51",0.588170449077228,-0.551683282761442,-1.6598699522891,5
"52",-1.56066246185716,-0.539455591959397,-1.02026624118092,6
"53",-1.52091199350912,-0.7231572418082,-1.03620870535448,6
"54",0.846201222742189,2.12320489459137,1.09341293172708,5
"55",-0.254817098201048,1.46105664109679,0.909456753894686,6
"56",-0.711157404642978,1.51002536361303,-0.812192119289432,5
"57",2.30032457757324,-1.28496870667954,-0.819201845579704,5
"58",0.313023555199972,4.20661111663829,1.20754514297954,5
"59",-0.752954489415558,0.569300437580515,-0.496221979793559,5
"60",-0.517774114785033,-0.258777503669997,-0.316209444261939,6
"61",0.532677683502323,0.437618826898592,-0.128855046674996,5
"62",0.703384718090945,1.79632752362046,0.148424549677049,5
"63",-0.697309691029034,-0.0413214630906422,-0.825730414884577,7
"64",-1.5574491439261,0.66894289448558,-1.13323715612505,5
"65",-1.70594931247313,-0.425565832405932,-1.46212769982644,5
"66",-1.70594931247313,-0.425565832405932,-1.46212769982644,5
"67",-1.0600683346461,-0.103947660755509,-0.912375070838052,5
"68",-1.9571889378729,-0.85478052737773,-1.18700698071611,5
"69",1.40244267576189,-0.00484868987431258,1.74495308756762,5
"70",-0.757757606896221,-0.722778442875833,-0.679415601795266,6
"71",-0.999920485584594,0.160300017416406,-1.28838502374795,6
"72",-0.769555759986975,1.42575003100737,-0.466287982120979,5
"73",-0.856197695525031,1.41472214445465,-0.499660146512123,5
"74",-0.146297227340302,0.417154462828852,-1.54708411758293,4
"75",2.0690064925494,1.09050137826174,1.18658772081757,5
"76",0.913218500309607,-0.750875216927956,0.142724961664218,5
"77",0.913218500309607,-0.750875216927956,0.142724961664218,5
"78",-2.16830406415851,0.264511930931602,-1.10245562915593,6
"79",-1.69322527072738,0.876408127447803,-0.669973861571269,5
"80",0.894980943744794,2.21035741103795,0.81466125497947,4
"81",-1.30949707388907,-0.994375446752154,-1.10443656583141,5
"82",4.2819742343779,1.57146740726845,0.859589363201267,5
"83",0.119631672870139,0.995294288651371,0.0538890331462906,5
"84",2.09864725418034,1.49533861663547,-0.662084876134048,5
"85",-0.279068152664644,-0.310280151517974,1.53076779732816,6
"86",-1.29837802234813,0.214735621756688,-0.142739079900484,5
"87",3.32043532774203,1.56059881508718,2.71772162759713,6
"88",-0.511622966173418,-0.531776513778573,-0.6419370187623,5
"89",2.50772487318937,2.15422734533269,2.19049992576891,5
"90",-1.35691300697842,0.100564665654216,-1.9127961082639,5
"91",-0.174637135383805,3.09006905205399,1.4211848598664,5
"92",3.32043532774203,1.56059881508718,2.71772162759713,6
"93",3.40951969012058,1.50062212172007,2.67200502345565,5
"94",-0.511622966173418,-0.531776513778573,-0.6419370187623,5
"95",-4.63446986948861,2.35997073686318,0.557150578706746,4
"96",-4.09274563749277,0.0673223724575199,2.4604540568194,6
"97",-1.89391677751314,-0.0748391335946351,-1.33633456203828,5
"98",-0.321788750269255,-0.766427057860833,-1.16433550813457,5
"99",-1.53938476361894,-0.173837787414347,-2.33140934738667,5
"100",-0.219238924276759,0.210448441592711,-1.22838879075444,6
"101",-0.290507147255148,-0.0178753511083244,-0.585916809899433,6
"102",-0.465074458791201,-1.08004617321482,-0.461785019279801,6
"103",-0.219238924276759,0.210448441592711,-1.22838879075444,6
"104",-0.344100328111203,0.607908533759491,-0.939137255730204,5
"105",-0.778497586160061,-0.480250043041732,-1.00735212939572,5
"106",-0.344100328111203,0.607908533759491,-0.939137255730204,5
"107",4.4437575899893,1.38036807322233,0.725326241854308,5
"108",-0.790394297383721,0.764206443385261,-0.236262808010325,5
"109",1.12107556700215,0.57841922324455,0.980689231178615,6
"110",0.775900002326453,3.51573283578084,0.96558227058945,5
"111",0.389177356115741,0.0995474345624138,-0.325560265745004,5
"112",-0.0669283541591379,1.20227624655274,-0.344261665801352,5
"113",-0.0201750799326366,1.36625309769597,-0.13144522122062,5
"114",1.61165921788703,0.157757343674608,0.206068328982834,6
"115",0.389177356115741,0.0995474345624138,-0.325560265745004,5
"116",1.16979240300578,-0.275106078943132,0.221480484311901,6
"117",-0.128953945602412,-0.197307714027705,-0.733004816328108,6
"118",-0.843469883562247,-0.237723761199213,-1.53866933305293,6
"119",-0.285217468195195,0.0581705059783222,-0.266576489392669,6
"120",-1.36449745883368,1.77155998357651,-0.526023473498366,6
"121",-1.12566799572802,2.07484493299572,-2.25648509677513,5
"122",-0.285217468195195,0.0581705059783222,-0.266576489392669,6
"123",-1.50762155556554,-0.0902526257625848,-2.44085765457948,5
"124",-1.26985291967621,0.517453022514916,-1.79486240228094,5
"125",-0.986841986235985,1.36858118809379,0.141142506353463,5
"126",0.653455934105468,2.19805838798141,-0.579031275042976,5
"127",-2.82975916574392,-0.131064672203036,-3.17401813142533,5
"128",-2.88572568510406,-0.0996187442289353,-3.17449533658912,5
"129",-0.64879159819106,-1.31989521928727,-0.499059200534429,7
"130",-1.43473342793361,-0.903133125345114,-0.649372972757548,5
"131",0.729022788350097,2.70351306869682,0.681147688991712,5
"132",-3.18057835457155,-0.221066798457149,2.42122857344188,5
"133",-3.18057835457155,-0.221066798457149,2.42122857344188,5
"134",-1.93967416776692,-0.260908107630438,-0.396306722265564,6
"135",-1.39762451484742,0.569159906486066,-2.12637791142566,6
"136",-0.0815368472388741,0.856911233679463,-0.730752211389487,5
"137",-0.0883145196550438,0.364558188329735,-1.12379173290967,5
"138",-0.309380766834806,0.0479352385747041,-0.27628754970435,5
"139",-0.650715968898273,1.30452965704624,-0.123100759996324,5
"140",-0.637428353136331,1.43497669275333,-0.0227032080719101,5
"141",-0.0815368472388741,0.856911233679463,-0.730752211389487,5
"142",-0.0883145196550438,0.364558188329735,-1.12379173290967,5
"143",-3.86050890298639,-1.25169999887341,3.86360257776015,6
"144",-1.36418529191592,-1.03225139153817,-0.878194542918559,5
"145",-3.86050890298639,-1.25169999887341,3.86360257776015,6
"146",0.947639705821666,2.7733843167959,0.896299166786331,5
"147",-2.86524718230705,1.42309607463688,0.203738293101411,5
"148",1.34964275029705,1.0856602273362,-0.409557879745235,5
"149",-1.41435036627281,-0.400665931077217,-0.359234692372383,6
"150",0.0461892135541227,-0.478985067716203,0.21967675039211,6
"151",-0.052382030465879,-1.70307797236334,-0.0796590591200819,6
"152",8.65073610049578,2.75723930114482,1.79770351956298,4
"153",-1.54783548582542,1.51812839458977,0.392361356302432,5
"154",-1.54783548582542,1.51812839458977,0.392361356302432,5
"155",0.271278311100533,2.43344627428067,2.18484723184766,5
"156",0.264191817923202,2.37236837805625,2.11561679697149,5
"157",0.271278311100533,2.43344627428067,2.18484723184766,5
"158",0.264191817923202,2.37236837805625,2.11561679697149,5
"159",-1.84987651080916,0.264905955966389,-1.74461982394882,5
"160",-1.61113878375306,1.36190530693916,-0.288405294970119,6
"161",-1.28600751051596,0.100939397506987,-2.3873502942574,5
"162",-0.112040815102083,-0.296374308210494,-1.09195230121996,4
"163",-1.0742507045811,-0.0615897244303945,-0.674260684617294,6
"164",0.022723674622389,3.91093411140637,0.831310501981992,5
"165",-0.0199146424396287,3.82115180081485,0.833335533352457,5
"166",0.478811764458294,0.927533042492565,-0.0418373463472319,5
"167",-1.50486750190832,1.32869328428712,0.100832023792985,5
"168",-1.57532719297688,0.449870113125193,-1.00916991006667,4
"169",-1.97194445843651,-0.0920935422531675,-0.523036061290067,6
"170",2.87177943419437,1.37710398446835,0.185448084613475,5
"171",-1.73699777552445,-0.11254551004791,-3.21156478457448,4
"172",-0.07799893074001,-0.685403744659605,-1.23379285159807,6
"173",-0.07799893074001,-0.685403744659605,-1.23379285159807,6
"174",-1.77795060269138,0.0633047061720339,0.332956466253657,6
"175",-0.662485149507589,-0.579898347335513,-0.726745159363275,5
"176",-1.07543330715022,0.408194626205715,-0.0522663000563037,5
"177",-0.662485149507589,-0.579898347335513,-0.726745159363275,5
"178",-0.616954513712935,-0.606522115396911,-0.18814370015566,6
"179",-1.96605909132426,0.103098936528172,-2.01291591464675,5
"180",0.000709967469889175,0.103451531342388,-1.24885902491667,5
"181",0.000709967469889175,0.103451531342388,-1.24885902491667,5
"182",2.63885107561714,2.21298725432247,0.482822950921963,5
"183",-1.59052909182089,0.960781475881643,-1.51338697882647,5
"184",-1.36793725736509,0.661316360661145,-0.840786047946506,5
"185",-1.32211759848286,0.488275818397492,-0.985160034441054,6
"186",1.32034276736751,0.862265764700528,0.9651331962661,5
"187",0.351238910050456,0.350504576669701,-0.0271465420613904,5
"188",-1.0268473931029,0.161031908502669,-1.802975078773,5
"189",0.330205170134401,1.8115997985018,0.411094448757831,5
"190",0.294160386072977,1.89400333753941,0.512484811084984,5
"191",0.684953340258505,2.06730774560957,0.520609833044829,5
"192",-1.10888877663764,0.352030622690925,0.362785752111201,6
"193",-0.533713221999997,2.39635555996641,-0.0096380519387903,5
"194",-0.531303748800179,-0.504221816325633,-1.06372079105954,5
"195",-0.531303748800179,-0.504221816325633,-1.06372079105954,5
"196",-0.0561875895872717,2.00898258543126,0.313053106033376,5
"197",-0.838681036272459,0.26669273570297,-0.124398249385776,5
"198",3.16770985064877,-1.29696342916249,0.45563859466699,6
"199",-3.61157545796201,-0.420789536810128,1.85949508485782,7
"200",-3.21618689168156,-0.0445498041777316,-1.38010781452602,4
"201",1.40454536640998,-1.57078595340226,0.295821835347554,7
"202",2.41118802721271,2.75765563731596,2.35996712080159,5
"203",-1.05906689470489,0.136190034400296,0.0203566652139536,5
"204",-0.382340673700906,-0.0578496986603451,-0.268497867789816,5
"205",-0.337079832897634,-0.176048974958517,-0.377372288810818,6
"206",3.72146089814354,-1.4592453156593,0.189834335391603,7
"207",3.72146089814354,-1.4592453156593,0.189834335391603,7
"208",-0.359851062828563,2.0099307323178,0.469231921494522,5
"209",0.446883816183021,1.25221386734265,0.376531353530433,5
"210",2.18234175561074,-1.78393647841693,0.337483394707945,7
"211",0.83450226227705,-2.47866369355418,1.00714963078012,6
"212",-0.572470358679052,0.553039966527715,-0.925251087343558,6
"213",2.34877133899846,-1.65496408877873,-0.631107663861853,6
"214",-0.741930906327305,0.907807308453816,0.225475248473264,5
"215",-0.374842451527532,0.395540702764118,-1.36504021052989,6
"216",0.605223244707614,2.17936455627325,1.97055518754311,5
"217",-0.0859065771635231,-0.211989630747346,-0.42095707526265,5
"218",-0.700775650755633,0.407328180998156,-1.527251843999,5
"219",-1.00790114190906,-0.271695097796655,-0.531797120056285,5
"220",-0.00956122009351386,2.35037341797902,0.922632322804077,5
"221",0.0959969886145879,0.489175151709819,0.555462093656754,6
"222",-0.0436747138509357,0.71056557136662,-0.234713433955747,5
"223",-1.92800236780549,-0.892846808101921,-1.39399455290376,5
"224",0.154657322135568,-0.308170714421103,-1.42036542738335,6
"225",0.0784776584222258,0.210318440623373,-0.442570759263031,4
"226",-0.598510556528734,0.721025192208746,1.03087243344535,6
"227",3.84079676874664,1.7740625487832,1.46903553154164,6
"228",-0.341535481687154,0.219290535849876,-2.04274519311704,5
"229",-0.598510556528734,0.721025192208746,1.03087243344535,6
"230",-1.13701222676888,-0.521305529953207,-0.19018110086018,5
"231",-3.32039142843893,0.0769557437263526,2.30422585307375,7
"232",-0.912774215941399,-0.200054270971824,-0.380661433693158,6
"233",0.459393626554482,0.609075542669164,0.0010602690452341,6
"234",-1.13701222676888,-0.521305529953207,-0.19018110086018,5
"235",-1.20309519416355,0.708709405978014,-2.6528347052247,6
"236",-1.2458960378515,0.642284795244707,-1.47125226627305,6
"237",-1.2458960378515,0.642284795244707,-1.47125226627305,6
"238",-1.28986927648707,0.659310827711425,-1.36962494042434,6
"239",-1.2458960378515,0.642284795244707,-1.47125226627305,6
"240",-1.20309519416355,0.708709405978014,-2.6528347052247,6
"241",2.70523316259358,0.516454169202618,-0.853395922664537,5
"242",2.95067646056381,-1.50908196891379,-0.419071059257437,6
"243",-0.406709122120614,1.95110719268447,0.288201985958778,6
"244",4.38343805878396,-1.0250672975386,-0.85256317297711,7
"245",4.38343805878396,-1.0250672975386,-0.85256317297711,7
"246",-1.19721358277812,-0.200206763627649,-1.15880880286163,6
"247",-1.41739188977312,0.770050983737708,-1.14341837353057,5
"248",-0.385714881241864,0.714842553997247,-1.02511992356359,5
"249",-1.23300220632002,-0.271431308657036,-1.05637258401365,6
"250",-1.19721358277812,-0.200206763627649,-1.15880880286163,6
"251",2.00708079309469,-0.684908776112783,0.111572817489432,6
"252",-1.47131344818381,0.247486089325585,-0.754783246107609,6
"253",2.20188333067242,-1.24751956999309,-0.71664096335303,5
"254",-0.0856091608221346,0.732302460275003,-0.784867700054766,5
"255",-1.47131344818381,0.247486089325585,-0.754783246107609,6
"256",-0.0533023713924517,1.93464849989255,0.0363180462114385,5
"257",1.30840810928905,-1.04989580322437,-1.11994497276889,5
"258",-1.78245503068387,0.882070654775901,-1.16723380206395,5
"259",5.15291139908979,0.801849573726586,-0.0468784734585487,5
"260",1.89263046843256,-0.615300800092493,0.237520814061076,7
"261",-0.0308090508377485,-0.0147626738623381,0.0804155454848497,5
"262",-1.86109955936038,1.25882341651399,-1.6461540762874,4
"263",-1.17878194025986,-0.457425560145946,-0.774313207651531,5
"264",-0.0205953931853879,0.382094805416747,0.251348572880639,5
"265",3.12655038966318,-1.19822584322947,-0.800612596608318,5
"266",2.22389308331483,-2.06794134032212,-0.098517951828888,7
"267",-1.00160229255755,2.33030572002077,-1.27635631786582,4
"268",0.674553384689424,-1.26055218621943,1.97502004343901,8
"269",-1.14502773667826,0.144416776043314,-0.960089498059042,6
"270",3.34360988870258,-1.17792853508634,0.144992877847067,6
"271",-0.724601876057968,1.16461986624005,0.637081504819635,6
"272",3.34360988870258,-1.17792853508634,0.144992877847067,6
"273",2.77059523183871,0.367794019627572,0.513428593154247,5
"274",-0.23538996262226,0.288273379400797,-1.46576597982757,5
"275",0.427480237970419,3.18859157041689,0.205632616406325,5
"276",-0.724601876057968,1.16461986624005,0.637081504819635,6
"277",-1.14502773667826,0.144416776043314,-0.960089498059042,6
"278",3.34360988870258,-1.17792853508634,0.144992877847067,6
"279",2.01776319490593,-1.71999329681649,1.18129153614895,8
"280",1.23529551672422,0.280306019914402,0.147086745658681,7
"281",2.95729411573884,-0.954050775147089,-0.537480215636723,6
"282",3.40257728753995,-0.654857844886135,0.285716620660789,7
"283",-0.628191415236193,0.643069078218882,-0.91202169378054,5
"284",1.23529551672422,0.280306019914402,0.147086745658681,7
"285",0.856262035057269,2.21519340650796,-0.382074381188543,5
"286",0.856262035057269,2.21519340650796,-0.382074381188543,5
"287",3.02867532190489,0.150195270252585,0.169201123272225,6
"288",-0.495740349754975,0.866577026726722,0.865367730929885,6
"289",0.0532517538660187,0.352798362079021,0.224275037594738,7
"290",3.57261810852063,2.25953956000794,0.716482742767203,5
"291",0.0532517538660187,0.352798362079021,0.224275037594738,7
"292",3.13706620647112,-1.01180482582934,-0.42723348057161,5
"293",1.28565725495138,0.479623473080861,-0.741495030250303,6
"294",-0.578975682617627,-1.11523805807208,-0.417772284204755,6
"295",4.37352352386368,0.382901503270598,-0.522627096256079,6
"296",2.65453231688667,-0.530094438127385,-1.62335073094449,5
"297",1.02585767707848,1.53446368609713,-0.906332280223509,5
"298",-1.49355524694065,0.111797463376849,-1.38801072744021,5
"299",-1.24801665336636,0.188089942545457,-1.57269226458013,5
"300",-1.68137401808945,0.25750307450185,-1.43343811753681,5
"301",-1.12609787219698,0.273956206634154,0.0267648973014856,6
"302",1.93798196309676,-1.93013026207835,-0.0811575618420939,6
"303",-0.449515442780357,0.382759814737853,-1.46040799953923,5
"304",-0.892601757459702,-0.181093104513231,-1.87362889262167,5
"305",1.11609388917762,1.01908765344728,-0.633024304000076,5
"306",2.15958358630234,-0.435408258451598,-1.68884460754867,6
"307",-0.490985948808337,0.145831882914897,-1.06056584589527,5
"308",2.57399733109408,-0.436474823934686,-1.63506183945995,6
"309",2.61580839678924,-0.504181027008902,-1.70688700733679,6
"310",-0.2272168310058,-0.882792462539409,-0.24956804770667,6
"311",2.15958358630234,-0.435408258451598,-1.68884460754867,6
"312",-0.375433508462417,1.17449313143164,-0.0138133990772335,6
"313",0.779074979828709,1.45036493825872,0.106586505989543,6
"314",0.371051969640026,2.65453132863529,0.840392532743097,5
"315",-0.318191917894792,0.488811923991523,1.55462012615358,5
"316",-0.532435750461427,-0.14518615530241,1.15082246318386,6
"317",0.985844105054218,2.50907571732273,0.449710218937974,5
"318",0.0682731424518244,1.8781037112246,-0.385242061485438,6
"319",0.806544960282342,0.465789050943467,0.295269428283976,7
"320",0.0682731424518244,1.8781037112246,-0.385242061485438,6
"321",0.806544960282342,0.465789050943467,0.295269428283976,7
"322",1.09138890650925,2.03517472398131,-0.410956722386177,5
"323",-0.57869144933307,-0.217723107728085,-1.80910292293772,5
"324",1.53832838047,1.91306436152155,0.186895306562829,6
"325",2.76926900322949,2.40909939520308,-0.953182315044146,6
"326",2.76926900322949,2.40909939520308,-0.953182315044146,6
"327",3.08725686729801,-1.52442574534899,-0.145199214803437,7
"328",2.00629269298324,-1.38694674742922,0.213599310886364,5
"329",3.84593749647762,-1.24173850545868,-0.900631397013117,6
"330",1.57482070655638,-1.01165610433234,-1.27439626960627,5
"331",2.11476440061517,-1.4702757417559,1.07130012000956,6
"332",2.11476440061517,-1.4702757417559,1.07130012000956,6
"333",0.178626386827895,2.035642568297,0.0821202764545029,6
"334",-0.386591719556393,-0.176561182985809,-0.275363369309723,5
"335",-1.15253004406759,-0.245889674550995,0.173906712088358,7
"336",2.67089186848997,-1.14229758323366,-0.394112847263259,7
"337",-0.173324282505234,-2.57423873136968,1.0979663697521,6
"338",0.184415492383741,0.845311537423367,0.824532162097295,5
"339",3.7000292029229,1.11433174291459,1.45447293304337,6
"340",4.35872162954535,-0.984551007153154,0.596513990427876,7
"341",3.87887460954701,-0.815431823011586,-0.316412649104439,6
"342",1.80712170584569,-1.85245455216116,0.315624971472345,6
"343",1.98828773772313,-1.23970301407027,-0.817974134058898,6
"344",1.98828773772313,-1.23970301407027,-0.817974134058898,6
"345",2.99572368214946,-0.741032522694775,-1.05009123624375,6
"346",-1.76091163396724,2.13043617432861,0.431145021332356,5
"347",-2.42119405815267,-0.306448691277686,0.596961186777046,7
"348",4.06168439565443,-2.05495612392543,0.210185977526951,6
"349",1.67954842398948,0.170909317221365,-0.186035402524898,6
"350",0.0815304353721055,0.681933256759707,-1.99860717876712,6
"351",1.82066847741013,0.607096794059955,-1.05955160051848,6
"352",0.0657120468031187,0.678279942761919,-2.10247089753821,6
"353",-0.521379681923814,0.0492244950945376,-1.75053556509424,5
"354",4.38402993601573,0.348980754486141,1.32113888754708,5
"355",-1.34932511934658,1.29472304561396,4.73846310846279,6
"356",-2.70493755136169,-0.598822307335807,0.436321410826308,6
"357",2.72266332323286,0.435732836708939,1.04495561618247,5
"358",2.10545575337577,-1.38505057855621,0.881146652627065,7
"359",3.63768293253859,-0.838117225311004,-0.342382026550412,7
"360",3.74020807416718,-0.430713037331687,-0.802853369354096,6
"361",0.295429745630967,1.16609861224025,-0.803166368586589,5
"362",0.813614601483252,0.468388111290322,0.420191348899539,6
"363",2.97597877281951,-0.688412492595144,-1.26563245231744,5
"364",3.6706523779299,-1.56099854277343,-0.643050895809606,5
"365",4.3892454598275,0.449690659303191,-1.3629953132635,7
"366",1.98076377574716,-1.51816935998036,0.674723842550777,6
"367",4.3892454598275,0.449690659303191,-1.3629953132635,7
"368",2.59161283432057,-0.0725035464852171,-1.46221259677241,5
"369",2.86733327915003,0.864891693740241,-0.322468643348011,5
"370",1.91194664288283,-2.46094982524769,1.75529833910118,7
"371",-1.84891143745547,2.01888306073327,0.104518458026983,5
"372",0.786573210229383,-0.835169760238706,0.0938530431411105,6
"373",1.3362681263424,-0.464306145520629,1.94100947949919,6
"374",0.324731025398793,0.709779054268018,-0.556138881641384,5
"375",4.78756014612439,-0.656374205921546,-0.509236989973646,6
"376",3.5932031185402,-1.42622983912385,0.11428420561115,7
"377",3.01304432997813,-0.149498653929351,0.77941979827972,6
"378",1.91194664288283,-2.46094982524769,1.75529833910118,7
"379",3.23313858191655,-1.38516347174428,1.02862174300161,6
"380",0.669395789079208,0.394137299447386,0.883908495325407,6
"381",1.35543530525226,-0.814361080879202,0.0684337194314635,6
"382",4.59210363479211,-0.0897839690470521,-0.436759469424721,6
"383",1.35543530525226,-0.814361080879202,0.0684337194314635,6
"384",1.35543530525226,-0.814361080879202,0.0684337194314635,6
"385",0.00482681811451685,0.983620795530244,-0.15628040197315,5
"386",-0.739144307373624,0.336418563032135,-1.05994043203917,6
"387",-0.0154440663673154,0.930743436498069,-0.352833249288351,6
"388",-0.564777244351635,0.506328453218684,-1.1469646214918,6
"389",0.0275631039767064,0.876145730383067,-0.102501902371026,6
"390",1.43888846756958,0.0491569257537338,-0.0855807494426045,7
"391",-3.63463445741907,-0.444934905131427,1.59982043453872,8
"392",4.59210363479211,-0.0897839690470521,-0.436759469424721,6
"393",1.59434345066109,-0.955403361435328,-0.942373844045323,5
"394",1.19973694420104,1.14366356803407,-0.548084250836525,5
"395",3.26695208003142,-0.880483084647537,-1.62394920543987,5
"396",3.17532784068696,-1.65850905816743,0.804622686187357,7
"397",-0.79328775960691,6.2216011314948,1.64517072711299,5
"398",2.31576249434566,-0.400923301403709,-0.254453732077289,6
"399",2.31576249434566,-0.400923301403709,-0.254453732077289,6
"400",0.0192903690981692,0.174436497534047,-1.61186072024483,5
"401",-0.79328775960691,6.2216011314948,1.64517072711299,5
"402",-0.62038280640728,-0.913811171388575,1.01480175088406,6
"403",2.99548538357012,0.307773882095126,-0.224892345401057,6
"404",2.27766340430425,-0.31586981694194,-0.958380332607507,6
"405",-0.612993772316422,0.640314328213989,-1.62627555357413,5
"406",0.612768743307499,-1.34770317887903,0.385825367148438,6
"407",1.33661774120983,-1.09610726773283,-0.173750841160366,6
"408",3.10788647500947,-0.900311377677682,-0.176874326592553,7
"409",2.45708645467725,-1.47810706780853,0.279566156794716,6
"410",2.86410020432258,0.798326123761934,-0.0930845747141612,4
"411",0.698431148295354,1.49105323599215,0.299167614838315,6
"412",0.717945732902558,1.20241192220082,0.0456323128538059,5
"413",-0.688348044105871,1.27424703596754,-0.893951784116893,5
"414",2.32081752094117,-0.896452077019065,0.617116547037638,7
"415",0.829077296436259,2.16278478542728,0.386738344210723,5
"416",1.96598951890315,4.33562764886085,0.506492894548456,5
"417",1.73421527404643,-1.87404700039988,0.179824969954448,6
"418",-1.72676865333294,2.27735895238319,1.22069628694309,5
"419",2.82722305262826,-1.19760306483449,-0.69817244352493,6
"420",-2.23837860985195,1.7584541047671,-0.280216589257012,5
"421",0.510547980146358,0.741554585748125,1.51466663928027,7
"422",-2.93787441830928,0.618568625340261,0.781876314155637,7
"423",-1.90785288466112,0.441286731384349,-0.898081208592469,5
"424",2.30921892777646,-1.90058339160608,0.604026402662791,7
"425",-1.90785288466112,0.441286731384349,-0.898081208592469,5
"426",-2.93787441830928,0.618568625340261,0.781876314155637,7
"427",-2.66987278808784,-0.0866636743430048,0.293763444344397,6
"428",0.20055011915366,-0.330878201466489,-1.82272548410584,6
"429",0.633627985046694,-0.477782309003352,-1.2698405887263,5
"430",2.82481561121377,-0.0727806658516913,-1.619059987703,6
"431",2.30921892777646,-1.90058339160608,0.604026402662791,7
"432",0.212694060526043,1.03038941256254,-0.362595066488856,5
"433",2.56474874479063,-2.44056707998753,1.37174902075832,6
"434",3.21323778058418,-0.940142033380487,-1.60230670574253,5
"435",2.84997514904801,0.476613302469835,0.463269540883815,6
"436",3.21323778058418,-0.940142033380487,-1.60230670574253,5
"437",-0.625225547017049,1.36433306227289,0.664959856716167,6
"438",2.67496700355046,-1.5607063399549,-0.0324052694290629,6
"439",2.84997514904801,0.476613302469835,0.463269540883815,6
"440",-0.552040488783903,-0.153493977879205,-0.986849706846025,5
"441",4.41043469655109,-1.44461840662814,-0.296265431805923,8
"442",3.04873440403408,-1.70732962455176,-0.0503587735826345,6
"443",5.53525569971939,-0.387341802410688,-1.60574056971582,7
"444",1.04860729356942,-1.60764155183549,0.458011587254058,7
"445",-3.13670191811762,-1.8737690218757,1.07558246397356,7
"446",0.100380712699251,-0.123885743400404,-2.05251024321483,6
"447",3.39029867213,0.727938828929356,0.926318710001895,5
"448",0.805620424996662,-1.41595384515035,-0.335716068943132,5
"449",0.160797588072964,-0.720591303206292,-0.999130963460402,6
"450",3.28247538658966,-0.641248686300037,0.0754531315678157,6
"451",3.28247538658966,-0.641248686300037,0.0754531315678157,6
"452",3.92123284699892,0.261613059714957,-0.692584526655293,6
"453",-1.51190362331237,0.238007162804737,-0.542030891712486,6
"454",2.55369255760809,-1.55767343963496,0.0413059230590226,7
"455",-0.850345684391262,-0.546505220155045,1.99335628248647,5
"456",2.36626003229558,-1.64522604463278,0.534071307089376,8
"457",0.514804501219839,-0.720873882036318,-1.26318845735891,5
"458",0.487770861667443,1.74285900522067,-0.555633380376555,5
"459",2.55369255760809,-1.55767343963496,0.0413059230590226,7
"460",2.75063240257681,0.215093111008426,-1.64713460727819,3
"461",0.821308998732676,-1.15825405959888,0.343451478973996,6
"462",0.275581477272911,-0.180892659510272,-1.80524274674171,5
"463",2.28871243140147,-2.02788270310746,0.974544732585048,5
"464",1.54224744463135,2.31742054751529,0.335740744807021,5
"465",3.31113919891876,-1.25190798071819,-1.08644651394196,6
"466",1.95198828336996,-0.42235096388335,-0.332955768926309,5
"467",1.50261255257078,-0.346910593667492,0.625636920972,6
"468",-0.0783964266521611,-2.83886818647908,1.93435734020096,6
"469",3.2259810877645,-0.934708191777443,-1.21559702949807,6
"470",-1.2198035674319,1.36799612418352,-0.459134685718547,5
"471",3.78061160333202,-0.627705292523103,0.00659314368012069,5
"472",0.966370184272512,-0.0205742832197262,0.923078651269746,6
"473",3.28812410382284,0.399938873422458,0.742204032971179,6
"474",1.58845812811709,-1.90344309961593,0.145063437238871,5
"475",2.45645217456223,-1.07384590114523,-0.118242525515653,6
"476",0.926943954177294,-0.404483141674646,-1.78824480491934,5
"477",1.40999927992399,-1.26548471961383,-0.487702750284987,5
"478",2.45848722856712,-2.05516059489065,0.850280069902466,6
"479",0.926943954177294,-0.404483141674646,-1.78824480491934,5
"480",0.48821408467305,-0.149950623128073,-1.60852469714986,6
"481",4.43307603804152,2.09283270464934,-0.721457862812245,5
"482",1.92600396703414,-2.18184441807992,1.18976782270526,8
"483",3.72193292788807,-0.990122643485632,-0.424757814147007,5
"484",3.75661264834995,-0.951003176568724,-0.355055326594184,5
"485",2.48344370429279,-2.14537182341041,1.17713460760765,6
"486",0.773012634373742,-0.92362580344738,-1.72160936849791,5
"487",0.773012634373742,-0.92362580344738,-1.72160936849791,5
"488",0.775383070056235,-0.976885614454254,-1.96129948258948,6
"489",2.84286050561651,0.81352636302158,1.62965893096945,7
"490",1.13256408594534,-0.784761010251586,-0.206728677081883,6
"491",0.254681146877283,1.04020384765061,-0.427716489881398,6
"492",0.274251817191878,-2.34766888467733,1.98647836564357,7
"493",0.383810606013108,-2.34428177996501,2.37295394533807,7
"494",0.260940293498369,1.21665081315756,0.378277720170451,6
"495",-1.02591163973086,1.53118496826078,2.73357455598517,6
"496",1.94526350529443,-1.8886380443871,-0.0091951241680423,8
"497",-0.132320573412,0.381605498424574,-1.05829976576622,6
"498",0.0747859490609942,1.93753391467154,2.91328177787305,5
"499",1.94526350529443,-1.8886380443871,-0.0091951241680423,8
"500",0.260940293498369,1.21665081315756,0.378277720170451,6
"501",-0.132320573412,0.381605498424574,-1.05829976576622,6
"502",3.07411755072042,1.36485754576713,2.7027336678813,7
"503",3.07411755072042,1.36485754576713,2.7027336678813,7
"504",2.40011561186149,-1.88897614859911,0.749579298678104,7
"505",2.23120255443123,-1.90251149566986,0.697301445024703,7
"506",1.80094496022177,-1.85796120515848,1.07135176535777,7
"507",2.13195410878721,-1.94253209423316,0.712909329602577,7
"508",2.50855396522392,-0.58470951317914,-1.92272616998405,6
"509",1.34635243951405,1.07650315808119,-0.360670289377995,6
"510",3.92679450920031,-0.865920424565154,1.14945356224768,7
"511",3.02336711997384,0.313270493621888,-0.265337076910054,5
"512",1.34635243951405,1.07650315808119,-0.360670289377995,6
"513",2.8208539270057,-0.104916369750743,-0.1077466223161,6
"514",2.20032798009307,-1.88872456835022,0.0116823887290738,7
"515",2.20032798009307,-1.88872456835022,0.0116823887290738,7
"516",2.64365464932859,4.33547188655224,1.42260628176212,5
"517",2.8781714601861,-1.07193271425342,-0.868690708752356,6
"518",2.63381388092131,0.0910779873452896,-2.55834657553133,3
"519",1.9552510037487,-1.675098654851,1.0466149766181,6
"520",0.356632364160309,1.55336798503634,2.7770364455941,5
"521",1.70668335428917,-0.650136940060999,0.695623240393607,6
"522",0.317086732574359,0.18351377070114,-0.231431428234653,5
"523",1.24085010488418,2.94073544150033,2.79562678046068,5
"524",1.37721820294759,2.81751373841255,1.5091082760252,5
"525",1.38448732001063,1.58629943020809,0.794942811750373,5
"526",1.34113044597659,1.48867137713919,-0.668291785815458,5
"527",0.356632364160309,1.55336798503634,2.7770364455941,5
"528",0.0727446922847682,0.774578007353692,2.53507809555299,6
"529",1.2352804619946,1.47104608555958,0.333303926936715,6
"530",0.944400783343082,-0.236329746644742,-1.73078149278679,5
"531",1.01350792975655,-1.38209194354143,-0.19527613354791,6
"532",2.93741985366047,-0.327802414764337,-0.672134300440381,5
"533",2.93741985366047,-0.327802414764337,-0.672134300440381,5
"534",0.473181091007863,-1.91369070774014,1.52885870969244,6
"535",1.21820210513786,0.104900752402055,-1.25840974138692,6
"536",1.01350792975655,-1.38209194354143,-0.19527613354791,6
"537",0.944400783343082,-0.236329746644742,-1.73078149278679,5
"538",-0.520411921879181,-0.781778842020014,-1.31949072494931,6
"539",3.44139472798133,-0.905806925800589,-0.0665041969120362,7
"540",3.0256538226466,-1.01580931465585,-0.396775145846464,5
"541",0.896639621840022,1.0119819903459,-0.787138476932957,5
"542",2.00272386214706,-0.717052628608817,-0.0953902585997143,6
"543",0.31673969167127,-0.705075873675196,-1.66865689686127,5
"544",1.82420801686887,0.230180339791074,-0.697689072732244,6
"545",5.50032373245734,-1.10594076870352,-1.6179873280659,6
"546",1.82354066253209,2.50497808441124,0.79324982840726,5
"547",-0.221509486468709,-0.126622890350876,-0.912066702852722,6
"548",2.18610268495915,-1.55313156905558,0.12342272419038,6
"549",3.08358792106125,0.527117087719914,0.717018004015826,6
"550",1.35307576711497,-0.455445163387701,-1.29408624041309,6
"551",-1.4168520912887,-0.324473574135487,-1.05741308932005,6
"552",1.16764251855141,0.0395380230029578,-0.289005020185489,6
"553",1.35785295561612,0.0373403990836576,-0.398106434905039,6
"554",-4.06390006766199,1.59468552184961,1.23702739481773,5
"555",5.09032104938604,-0.285751250489748,-1.76218399633188,5
"556",5.09032104938604,-0.285751250489748,-1.76218399633188,5
"557",2.72591388372993,-0.660185527864067,-0.668311768683816,6
"558",5.1184248009955,-0.292100561149505,-1.76926084842703,5
"559",2.72591388372993,-0.660185527864067,-0.668311768683816,6
"560",3.06187163553479,-0.867961299549275,-0.107277904144345,6
"561",2.45655573420053,-1.35016481901087,-1.14792656565436,5
"562",1.25989203448395,1.96977174140868,0.703818928153745,5
"563",1.74380288210566,2.85262705116071,0.885279138465418,5
"564",0.6937601171696,0.409395152174682,1.13927048921207,6
"565",3.06187163553479,-0.867961299549275,-0.107277904144345,6
"566",2.45655573420053,-1.35016481901087,-1.14792656565436,5
"567",0.975054756240641,0.432628389156754,-2.67257362868674,6
"568",0.975054756240641,0.432628389156754,-2.67257362868674,6
"569",2.36697665653148,-0.627831500412709,-0.852449119614866,6
"570",-1.90797991769227,-0.761528593890254,1.48137495481169,6
"571",2.68434968478112,-0.830743030707043,0.281634614298296,6
"572",-1.90797991769227,-0.761528593890254,1.48137495481169,6
"573",2.00979613653224,-1.26414077545381,0.108656559516645,5
"574",1.4051356414303,0.17413926168509,-1.06459556007394,4
"575",2.40944723648262,0.68499079680532,0.518374455566498,6
"576",3.03868680994604,0.210554739865195,0.8186009821019,6
"577",0.449169641150046,-0.848239923403597,-1.44375008099494,4
"578",1.16987989104237,1.44873892878029,0.431321790430606,5
"579",1.14855059826843,1.34485579980231,0.437514100716794,5
"580",1.81363202534153,-0.443056070292418,-0.0358331389365357,6
"581",2.50528034828611,-0.854914384682951,-2.1245379862892,5
"582",2.50528034828611,-0.854914384682951,-2.1245379862892,5
"583",2.30991733035261,-0.711379287727297,-2.19303930989487,5
"584",2.93837954869064,-1.39963219108129,-0.384509003009984,7
"585",2.64110242854223,2.24556110397769,2.12635669628268,7
"586",-0.328214015346352,-0.0472063211436722,-0.891863425254042,6
"587",3.06985600039718,-0.537615601574935,0.89884372779438,7
"588",-0.413743232501411,1.82000585108243,-0.549911787372852,5
"589",-3.53231061739673,-1.82596187731494,3.42440002890531,8
"590",2.28767541966969,-1.79808563516122,-0.0617682763916079,7
"591",1.05886703292247,0.93809469964262,0.114029760007257,5
"592",-0.64585007144146,0.710256935889907,2.96746863160691,6
"593",1.05886703292247,0.93809469964262,0.114029760007257,5
"594",2.24480457261111,0.392752917524802,-1.32140152210217,5
"595",-0.707210462392283,0.991412867484333,-1.27943989375494,5
"596",1.69886817002917,3.56686087290866,0.332445808406626,5
"597",3.08158221806393,-0.973130830595133,-1.45334127907931,6
"598",2.44405489558593,-1.28536540462796,-1.28565978037526,6
"599",-0.187733468118187,-0.532309953333923,-1.49039480377839,6
"600",3.26866292666757,-0.262436106650828,-1.82179626603155,6
"601",-0.775115830556925,-0.197978661563014,-2.01053584842729,4
"602",3.36778268791548,-0.109642563047087,-1.69628313932706,6
"603",-1.12965444274379,0.195696170622704,-2.62987340352319,5
"604",3.36778268791548,-0.109642563047087,-1.69628313932706,6
"605",0.51672231956615,1.16759289530026,-1.20658832663349,6
"606",-0.0422310577795141,0.0140029436923474,-1.91928349498433,6
"607",1.13725046506338,-1.41276691146608,1.06991132641114,7
"608",0.713705869589673,0.722300454264805,0.332178685119726,6
"609",2.14770585798572,1.3805248732135,-1.27890923934789,6
"610",-1.91381677342787,-1.07503989315557,1.5080885754869,6
"611",1.17262137336072,0.591962377124725,0.515472957703546,5
"612",3.9229170002034,-0.946263211687657,-1.81580860604105,5
"613",-1.22148961529953,0.313217134404365,-0.864478588009321,6
"614",0.390888429820742,-1.03536278649075,-0.00175322843214792,5
"615",2.34144406246664,1.10394517922109,0.291545304973709,6
"616",0.754177580174067,1.45346310760616,-0.180898710319355,5
"617",0.754177580174067,1.45346310760616,-0.180898710319355,5
"618",3.23157028880586,-0.89328069555074,0.156139923945167,6
"619",3.09875037092286,-0.891780997877764,-1.38836481935212,5
"620",2.74946435683085,-0.977179600018397,-1.07994957479248,5
"621",0.323823680080027,1.79996784784601,-0.0369983272453853,5
"622",0.24138792283693,1.61252995237754,-0.236407254153237,5
"623",0.789264638744848,-0.290922086021596,-1.53912672135989,5
"624",-0.289482711589068,-0.30678764653651,1.48110660120405,6
"625",-0.507449661991556,2.15222667469518,-0.632523705967826,5
"626",-0.507449661991556,2.15222667469518,-0.632523705967826,5
"627",0.302352161954898,-0.273654684511108,-2.20480013018578,5
"628",0.302352161954898,-0.273654684511108,-2.20480013018578,5
"629",0.454589222052584,-0.154998701014069,-1.36950192993141,6
"630",-0.150256289969427,1.56919468270352,-0.473567090187678,5
"631",0.454589222052584,-0.154998701014069,-1.36950192993141,6
"632",2.33022295313143,-1.05368758909703,-0.779515324663213,5
"633",-0.563842287642645,0.195242791713691,0.351101713694913,6
"634",0.484050216792573,1.43537120359686,-1.3583260384375,4
"635",-0.191512006150498,2.38063445738873,1.67184828137976,5
"636",-1.45450418947295,0.658598975495636,-1.25172501232484,5
"637",0.282977088197539,3.39357568085052,-0.306973556901286,5
"638",0.179196029462843,3.39190993811643,-0.288591611099592,5
"639",-0.991274739772328,0.0591664570296033,-1.87663384985845,7
"640",1.93000703625291,-0.105554007718047,2.13384130921094,6
"641",1.07285245095121,0.2484960534,-0.875572848576605,5
"642",0.698647771768648,1.06583346410967,-0.43718968618417,5
"643",1.07285245095121,0.2484960534,-0.875572848576605,5
"644",0.698647771768648,1.06583346410967,-0.43718968618417,5
"645",1.07285245095121,0.2484960534,-0.875572848576605,5
"646",0.0515686234578313,0.261499176944151,-1.4184208781186,7
"647",-0.952284350006651,-0.0390940083984881,-1.41933328923217,5
"648",-1.35720359018921,-0.722696491062062,-1.73024505730526,4
"649",-0.0148488415509454,-1.07163670076967,0.201272856402939,7
"650",0.0731202920194194,2.6589358496813,2.72125393225131,6
"651",2.59303857566681,-0.494532682012177,-1.41770839127037,5
"652",0.523682118328559,3.57217389267095,0.431835747516592,5
"653",4.709246927954,-0.894031756588287,3.18537993376987,5
"654",1.71200478272209,-1.66730565882823,0.68237411675345,6
"655",1.28467336055552,-0.558411143684962,-1.17825918189567,5
"656",1.43484527478988,1.23435747586532,-1.26978736580643,5
"657",2.59303857566681,-0.494532682012177,-1.41770839127037,5
"658",3.01622195042993,-0.412267803378239,0.0936025350721349,7
"659",-0.546999754914907,-0.705928247502767,-1.11695260446929,6
"660",-1.52659396878306,-0.129608416497266,-1.56034490014697,4
"661",-0.546999754914907,-0.705928247502767,-1.11695260446929,6
"662",0.224059459381416,0.180637198746703,-0.60528921261561,5
"663",-0.908674640836149,-0.245121649129414,-1.16061287130223,6
"664",2.16804797969655,-1.89405094011127,-0.124139206727697,6
"665",3.30476871181334,-0.161982786137999,-0.436380605043019,5
"666",0.512866270711401,0.932000122096453,-0.825142702155293,5
"667",1.44884120233677,-0.362049306207918,-1.59451290432363,6
"668",3.06182391266237,-1.08777382481632,-1.30641328925363,6
"669",0.65941055549996,-0.581346876496818,-0.504661188243932,5
"670",3.06182391266237,-1.08777382481632,-1.30641328925363,6
"671",-0.475581838687289,0.628496511806851,0.77087939141899,5
"672",-0.355369563188359,-0.586171732056968,-2.06904546761401,5
"673",0.191211510974225,3.92703081530294,-1.05370280982378,5
"674",-0.355369563188359,-0.586171732056968,-2.06904546761401,5
"675",2.29614278451681,-0.885974929023591,-1.2148831497241,6
"676",1.08067652122639,-0.648331476997879,-0.344195018157095,5
"677",2.29614278451681,-0.885974929023591,-1.2148831497241,6
"678",-0.915698588924476,0.385205764125426,-1.92097419987238,5
"679",-1.13578780928737,3.02613254094313,0.150875407000896,5
"680",1.95012668176984,-0.0284323811356786,0.310757387975941,5
"681",3.5076924212253,-0.046834908344408,-1.49676090495281,5
"682",-0.146856097620299,-0.362481378834263,-0.350813904091694,6
"683",0.219694258236633,1.1678243683062,0.287988378255947,5
"684",-0.95035246290979,-0.986007196038946,-1.15871140394107,5
"685",0.161914225175558,3.8147483848124,-0.357875698759392,5
"686",-0.95035246290979,-0.986007196038946,-1.15871140394107,5
"687",-1.12790435684319,0.413813418839793,-1.21105514398074,5
"688",0.775437502304913,0.651696254288022,-1.5552792757213,5
"689",-1.72963374643863,-0.79541499602799,-2.0283554091531,5
"690",1.76673788942093,-0.955340829734957,-0.245292275568275,5
"691",-2.6796867480234,0.463135753945345,-2.50449190804147,3
"692",-0.241127026298162,1.83233173517166,-1.73996343383559,5
"693",4.08637797372734,1.49329697149727,-0.270911333163611,5
"694",0.794599578826201,2.02814053381372,0.297543025250698,5
"695",0.779628372604147,2.20236196367395,0.435310542177061,5
"696",-4.75701748594234,-1.43581407561449,2.18970913471068,6
"697",-1.50275350187699,-0.0495686679505211,-1.45411921270887,6
"698",-1.50275350187699,-0.0495686679505211,-1.45411921270887,6
"699",0.88509738476277,1.43554605331478,-1.03345660348542,5
"700",2.60202111148737,-1.7190155678837,-0.550953578799765,6
"701",1.25486767852079,2.06756739219115,-1.00568990475062,6
"702",-1.50275350187699,-0.0495686679505211,-1.45411921270887,6
"703",-1.52107435031615,-0.035800984239844,-1.41793033008241,6
"704",0.628099259360964,0.924759731286009,0.963101355748921,4
"705",-0.538681830621231,-0.420338295467639,-2.53530500573957,4
"706",-0.506105751623614,1.88867704673066,-2.16923903435867,5
"707",-1.9090654822382,-0.174586548027235,-1.59198028644954,5
"708",-0.825892736490557,-0.0489919707811706,-0.134785393877922,5
"709",-1.04398523944135,-0.836502852683401,0.119117852271134,6
"710",1.42975318609234,-0.869532339681465,-0.0522355037799862,6
"711",1.34802917129949,1.7651474661314,-1.30276437762612,5
"712",0.870132577081274,1.93920603242195,-0.391973780075108,5
"713",-0.51550938343809,0.899929101085803,-2.18033749975845,5
"714",0.11423192915491,-0.0254140087806024,-0.763323346335524,5
"715",0.355545371721652,1.39264190312586,-0.859224645138363,5
"716",-0.621539142973031,0.175401552245372,-0.96396709594369,6
"717",0.11423192915491,-0.0254140087806024,-0.763323346335524,5
"718",-0.294663466968257,0.0805155751612752,-0.468559832914832,5
"719",-0.435396182997073,-0.161550826896805,-1.78907913132098,5
"720",-1.34969465830649,1.25155587387411,-1.14647628485588,5
"721",-0.435396182997073,-0.161550826896805,-1.78907913132098,5
"722",1.04184437930869,2.60651076617284,0.324205703027662,5
"723",-0.262265059827324,0.203138431275607,-0.261283685005978,5
"724",2.29321347959192,2.00460041226652,3.40987802619457,5
"725",-2.36961035049126,-0.316869208380953,-1.86325813842868,4
"726",-0.12491631998772,-0.682541752955432,-1.57323791185161,5
"727",-0.507774639972531,0.711837671207862,-0.581838321479835,6
"728",-1.58674635561463,-0.655271628856067,-1.48636319103357,5
"729",-1.58674635561463,-0.655271628856067,-1.48636319103357,5
"730",-3.29594028158273,0.658495271016977,0.798432485909207,6
"731",3.37038246138307,0.666476201062678,-1.18089722681188,5
"732",-0.643164035656726,-0.388112688188843,-2.00570831486541,5
"733",-1.73080057817247,0.213908273864919,-2.16397369277568,5
"734",-0.494228406032791,0.885267503311571,0.0103130563319982,5
"735",-0.485490172805526,0.197695040139723,-1.34083856905662,5
"736",-1.1760817505144,0.484243435721673,-2.39192062883348,5
"737",-1.1760817505144,0.484243435721673,-2.39192062883348,5
"738",-0.448459444034777,1.5207202907322,-1.3126237195668,6
"739",1.14526627442403,2.18858416308644,0.0806863673897403,5
"740",-0.301086749952247,1.09816299199756,-1.73673282913158,5
"741",-0.691429089045037,-0.513110662407869,-0.263002516923223,6
"742",0.655254013447889,2.64095358874775,0.524649926905381,5
"743",-1.64632192021209,-0.0571748555754273,-1.56478504319274,5
"744",2.9950128629536,1.44568463951661,0.257933778439867,5
"745",2.78001600172916,1.42713995315449,-0.103709895260365,5
"746",-0.800199284394852,-0.0987473301525226,-0.710881651625286,6
"747",0.593125185772522,0.282268173949555,-0.563721588000664,6
"748",0.760450313570565,0.497060952780851,-0.0795231057953868,5
"749",-0.847939667327169,-0.095302014756199,-0.610904942911005,6
"750",-0.800199284394852,-0.0987473301525226,-0.710881651625286,6
"751",-0.267530693628084,0.855530280975502,-1.33482926440257,5
"752",-0.267530693628084,0.855530280975502,-1.33482926440257,5
"753",-0.482325128711708,1.45485868059828,-0.350822256065838,5
"754",-0.267530693628084,0.855530280975502,-1.33482926440257,5
"755",3.582830464413,0.523779189939331,-0.238717223570105,6
"756",-2.58827441123584,0.643678258540352,-0.81204505239053,6
"757",-3.56919829986574,0.0933984503094841,-0.998967622169406,6
"758",-1.2301023153909,0.3520275086746,-2.11185443265412,5
"759",-1.2301023153909,0.3520275086746,-2.11185443265412,5
"760",0.707318220833706,2.07020579087111,0.177732466065972,5
"761",0.50700977696264,1.12974704738331,-0.563283182867428,5
"762",0.1443111668874,-0.242159981438695,-1.90980338698775,5
"763",-0.982433497909463,-0.423780768023338,-1.86023151488951,6
"764",0.1443111668874,-0.242159981438695,-1.90980338698775,5
"765",0.0936276594756248,0.716779862902681,-1.82153111210147,6
"766",0.108045468060501,0.855792439197743,-1.73376716414293,6
"767",0.471153628224897,0.964135737548075,-0.993493212516786,5
"768",0.124297052233442,1.63000468808353,-0.588497673994086,5
"769",-1.70644987662447,1.91338683030646,-0.152053923518342,6
"770",-1.41268005832507,-0.00181580644778123,-1.81916527394471,5
"771",-1.70644987662447,1.91338683030646,-0.152053923518342,6
"772",0.336349689257606,2.68193105426615,-0.0793173519048514,5
"773",0.564431092884863,2.49139982932682,0.210179526668449,5
"774",1.00505818909512,-0.537488664192546,-0.529676119103231,6
"775",0.977103740326575,-0.479901294528516,-0.474056157607214,6
"776",-2.22905415146766,0.270256764221436,-2.40719377907708,5
"777",-0.663336998974135,0.512308583516864,-1.3176966380101,6
"778",-0.562959623079574,-0.205409636981406,-1.30589945700617,6
"779",0.288024241944385,-0.558639374687748,-0.355056244515302,5
"780",-1.34261910034707,1.60261969925394,0.0663109448604244,5
"781",-0.621800367305552,0.746955844341083,-1.30984054401783,6
"782",-1.42688636049579,-0.0181396343753505,-0.559658512756608,5
"783",-0.752721786073973,2.24097565220787,-0.781094839348692,5
"784",-1.42688636049579,-0.0181396343753505,-0.559658512756608,5
"785",-1.64516429412599,1.5447221485395,-0.252389472237205,5
"786",1.45737872169671,0.0151349851597692,-0.529076149009936,5
"787",1.45737872169671,0.0151349851597692,-0.529076149009936,5
"788",1.03887722753231,0.651903326793633,-0.781070767331818,6
"789",1.03887722753231,0.651903326793633,-0.781070767331818,6
"790",0.637987579007807,2.41387138340602,-0.509787497270408,5
"791",0.45444950599696,0.705695515266412,0.76952149777148,6
"792",0.244137382322546,2.67159376969312,-0.0621186828348709,5
"793",-1.39649556817822,1.49719493373045,-0.453764321852866,6
"794",-1.49976615255895,-0.90061612202943,-0.997252087099534,5
"795",1.06957845747821,-2.53275952852669,1.22799001509714,6
"796",2.44795417950884,0.414765848607574,-0.92250411260419,5
"797",1.39823483826642,1.01664116497931,0.180701198074336,5
"798",0.614955896486825,-0.955477522314043,1.3883421775148,7
"799",0.846288799286936,-0.902903407920802,-1.06259605844915,6
"800",0.846288799286936,-0.902903407920802,-1.06259605844915,6
"801",-0.743324087936934,2.53251347448014,0.112212275988696,5
"802",-0.295238044985387,-0.381722215047271,-1.50110300501842,5
"803",-3.30056733715378,-0.659358177192106,2.48086073749593,7
"804",-0.183666932663469,0.551308233183248,-0.858614611299619,6
"805",0.0231275160784529,-0.817741726269394,-1.20458015756129,6
"806",-0.469591101619949,-3.08945752708002,1.70668951278908,7
"807",-0.208791947764216,-3.11129315709322,1.55600907425196,7
"808",-0.469591101619949,-3.08945752708002,1.70668951278908,7
"809",0.300723783156748,-0.450684276082237,-1.42455899449996,5
"810",0.0763677822283818,-1.10361265419978,-0.822475622390485,6
"811",-1.18908392892279,-1.18115662108918,-0.881759582088875,5
"812",3.27557575033603,-1.14405175013512,-0.888447012651453,6
"813",1.50541776234717,-0.21198737739689,0.121315004103188,5
"814",-1.2836780831325,-1.99685293823181,0.209702784221386,4
"815",2.97632375648284,-0.52164018101665,0.42884012368115,6
"816",1.50541776234717,-0.21198737739689,0.121315004103188,5
"817",0.75834563045154,-0.432671055798361,-1.00483194589935,6
"818",0.99375512292426,-1.72664274301792,1.47528479774134,6
"819",-1.56724003044208,1.11112993386074,-1.20935817303009,5
"820",0.537215822187005,0.979766782350692,-1.77802577344478,5
"821",-1.46562188310519,-0.121531660477326,-1.50507296902511,5
"822",-4.17586287628201,-1.95728044595603,2.99243430033879,7
"823",-1.61181924679305,0.17796187146638,-0.536528567304246,5
"824",-1.61181924679305,0.17796187146638,-0.536528567304246,5
"825",-0.259270792635306,-0.947548876790326,-0.733894714404872,5
"826",-1.10793783289425,-0.240862932109991,-0.0361818359913849,5
"827",-0.587563934622453,-2.21530568577421,0.538536630424702,7
"828",-1.10793783289425,-0.240862932109991,-0.0361818359913849,5
"829",-1.90994585559726,-0.168105634612649,2.12647549393502,8
"830",-2.62452018235247,-0.719435110232413,0.630843882185562,6
"831",-1.53504660363021,-1.03203253707947,-1.20494345023105,4
"832",-2.62452018235247,-0.719435110232413,0.630843882185562,6
"833",1.62545813337252,0.856503034140481,0.669960949645049,3
"834",1.99333819592359,0.991494252887736,0.641470277926699,4
"835",-0.358368248724407,0.0757446461792689,-1.53052652091432,5
"836",-1.38695353132836,1.23396216093139,-0.673006412850843,5
"837",-2.14332690473513,0.206558365487709,3.43687689854567,7
"838",-2.14332690473513,0.206558365487709,3.43687689854567,7
"839",1.19577210852582,-1.71252283478333,0.618688085679893,7
"840",-1.88952262471997,-0.0953346192608016,-0.792443631078567,5
"841",1.72649659823026,-1.59612402186523,0.717301444370429,7
"842",-1.67857694619047,0.682746873553108,-0.47174060401638,5
"843",1.54360475513088,0.898457684386218,1.24633188093746,6
"844",-0.312350878125333,0.927765282865416,-0.535009799968059,5
"845",1.446810728638,-0.708382735077365,1.64376112425239,6
"846",-1.63769679422342,0.0735699636826238,-0.68374238486769,5
"847",-1.63769679422342,0.0735699636826238,-0.68374238486769,5
"848",-1.05783772933159,0.192423541243487,-0.982742944149755,6
"849",-1.63769679422342,0.0735699636826238,-0.68374238486769,5
"850",-1.61358363343536,-0.0648819053052286,-0.746878130800805,5
"851",0.838297409853772,-0.838406793785608,-0.837664693036845,5
"852",0.838297409853772,-0.838406793785608,-0.837664693036845,5
"853",1.34249380717613,1.91387991312888,1.61832431280026,5
"854",0.113977943356327,0.535632391383715,1.98089666746398,6
"855",0.113977943356327,0.535632391383715,1.98089666746398,6
"856",-2.0694842162526,-0.985374971928409,-0.335020577388329,7
"857",0.113977943356327,0.535632391383715,1.98089666746398,6
"858",0.0781834099579781,-0.935156898856675,1.56964145756707,7
"859",1.9813390365623,-1.27199888236275,0.55470544059573,7
"860",-1.34049859929368,-1.03746730608022,0.751345834925466,6
"861",-1.42621097795319,1.45645151200916,-0.69447008657612,5
"862",-2.52051541194984,0.261909678173949,0.951860592462235,6
"863",-0.23630843415415,-0.996696602515521,-0.44577619708415,5
"864",-1.48562989888763,1.43169595839303,-0.566586558164701,5
"865",-1.42621097795319,1.45645151200916,-0.69447008657612,5
"866",-1.45255724809065,1.44885992869164,-0.591381173621186,5
"867",-1.22673808004398,-1.1940047900188,0.951689686887899,6
"868",-1.17613385819727,-1.23329300531706,0.831959617260572,6
"869",-1.34049859929368,-1.03746730608022,0.751345834925466,6
"870",-1.6875955678884,0.466306092224123,0.300163261491264,6
"871",-2.44030649266863,0.203739814945796,0.901235938606512,6
"872",-2.28610823646871,0.878500465426736,0.761869679858555,5
"873",-0.980979806135874,0.332200283840625,0.833960424301019,4
"874",0.48633242862237,-2.35951631459201,0.436930438148157,7
"875",1.63103746453504,-2.1737113352234,0.17395855655893,7
"876",0.784004710460595,-1.91348699267255,0.92162364038552,7
"877",-1.77612589922524,-1.27477983952456,-0.366719033133229,4
"878",-2.44030649266863,0.203739814945796,0.901235938606512,6
"879",0.293462727057605,1.86830786446377,-0.132342347472479,6
"880",-1.5251748165312,1.59630856520696,-0.50301250590872,5
"881",-0.0844029159851164,-0.778724939873526,-1.18532940388697,5
"882",-2.17877331164969,0.373303570477515,0.458901210579022,6
"883",0.863859283392745,-1.13086673828154,1.23264562205535,6
"884",-1.5251748165312,1.59630856520696,-0.50301250590872,5
"885",0.293462727057605,1.86830786446377,-0.132342347472479,6
"886",-0.246790049771434,-0.0669375040872763,-1.45588932064576,5
"887",-0.276283343912533,-0.045085309686794,-1.72800856802993,6
"888",1.07373080871163,-0.258224110133793,1.73777578085037,7
"889",-2.19072190004766,0.930067183806118,1.08642751562937,6
"890",2.57822256671135,3.64439708622003,-1.56871085968535,5
"891",-0.963462470236844,0.458656107875645,1.09341150894522,5
"892",-1.63193603841645,1.45163891331605,-0.66072238498768,5
"893",0.990070478270763,-0.5952952837134,-1.2583064188095,6
"894",-1.63193603841645,1.45163891331605,-0.66072238498768,5
"895",-1.58742999746757,1.44039244535652,-0.478694615825085,6
"896",-1.85791059129943,0.560376205379184,0.288420982765911,6
"897",-0.0358887649386684,-1.54917310970871,2.23356531072315,7
"898",-1.85791059129943,0.560376205379184,0.288420982765911,6
"899",-0.0358887649386684,-1.54917310970871,2.23356531072315,7
"900",-1.50309559478536,0.112247240757,-2.57519899617139,3
"901",-0.0445785147724748,-1.58655503330733,1.26584185622709,5
"902",-1.49600803554631,0.022529182197349,-0.325761884923181,7
"903",-1.49600803554631,0.022529182197349,-0.325761884923181,7
"904",-1.31393321764127,0.0207775980472715,-0.293060768364214,7
"905",-1.31393321764127,0.0207775980472715,-0.293060768364214,7
"906",0.573076732458536,1.79260881081913,-0.375841274802983,5
"907",-0.590223392105181,0.187244970122911,0.641452310792537,5
"908",-2.86136097285132,-1.41708090884214,-0.298606119214087,6
"909",-1.47542922829686,0.943844857610787,1.16814862325744,6
"910",-0.940641067173297,-2.55320915409425,0.885322207629185,6
"911",0.924905042619871,-2.42532305623424,0.915403725418781,6
"912",2.5187172012384,-0.413169591018181,-0.0239800102795475,6
"913",0.61589104673949,-2.22775864595464,0.197610182264938,6
"914",1.01907868448183,-1.95040670789779,0.544913820729677,7
"915",-0.940641067173297,-2.55320915409425,0.885322207629185,6
"916",0.24765715411611,-2.61042415193288,0.692020864710023,6
"917",-2.61855483945692,-0.125063447947302,0.00691356463699064,5
"918",0.545458411793228,1.86362947434273,0.892786519298699,6
"919",0.252530161182491,0.702856642521425,1.8593751621917,6
"920",-1.04980259285776,0.383240979029145,1.78178284530866,6
"921",1.0335120445741,-0.940743009972092,-0.522307510333085,5
"922",0.252530161182491,0.702856642521425,1.8593751621917,6
"923",-1.04980259285776,0.383240979029145,1.78178284530866,6
"924",0.545458411793228,1.86362947434273,0.892786519298699,6
"925",0.136356895661085,-1.18052753819291,0.727624162293893,5
"926",0.0654959732134462,1.25938298911828,3.47441647257344,7
"927",0.730034798768354,1.72013795810571,2.65363115169383,6
"928",0.143905433630301,1.01162679820624,-1.22342825969509,4
"929",0.136356895661085,-1.18052753819291,0.727624162293893,5
"930",0.133143944283512,-1.94978816401894,1.38088530160452,7
"931",-2.13395623314566,-0.406033735087056,-0.802144868657243,5
"932",-1.37335939795988,0.278850207029115,-1.03163035300948,5
"933",-0.446920295026619,1.06359120927471,0.564442045595112,6
"934",-1.37335939795988,0.278850207029115,-1.03163035300948,5
"935",-2.13395623314566,-0.406033735087056,-0.802144868657243,5
"936",-0.00062729748591972,-0.673515464432645,2.06484361417753,6
"937",-0.00062729748591972,-0.673515464432645,2.06484361417753,6
"938",2.11806039573894,-1.21179098089036,-1.29655181038933,4
"939",-0.870885080361499,-1.28226137610925,2.67159485887545,7
"940",-2.54805840185328,-1.79109091009862,0.244930150636196,5
"941",0.564793012987733,-2.14062884452493,1.74487439178477,7
"942",1.06788261926167,-2.01910081969811,1.41055025379713,7
"943",1.58994437842087,-0.0327303727749684,-0.327931728924204,7
"944",1.23341893421345,-0.024308958123962,-1.0182572404988,7
"945",0.504658771264366,-1.71945487415717,1.52250550649165,7
"946",1.25713778455589,-1.83639428266847,0.289596762831812,7
"947",2.07922099229445,-1.36611435543054,1.26085267932414,7
"948",0.132861016873901,-2.7304256896559,1.3679912856933,7
"949",0.453008379494634,-2.41818081183814,1.76385523144735,7
"950",0.453008379494634,-2.41818081183814,1.76385523144735,7
"951",0.453008379494634,-2.41818081183814,1.76385523144735,7
"952",0.132861016873901,-2.7304256896559,1.3679912856933,7
"953",0.0650839384579178,-2.15941581135607,0.614690277803056,7
"954",0.810651963163848,-2.83661500355189,0.963590402273947,7
"955",-0.774626391300768,-2.07091574759687,0.610751050295915,6
"956",0.843693289471734,-1.57758926555627,0.603948263597343,5
"957",0.711414451558683,-2.11208059765298,0.314432350875995,6
"958",0.844744039895039,-1.03024438453918,0.737444407310134,6
"959",-1.66832026473841,0.112598143659817,0.848059128766098,7
"960",-0.781051549675329,-0.0117963058921935,-1.10305930514223,5
"961",0.216969694275703,-0.845576124260739,0.989009262369789,6
"962",-0.818847892696125,-0.600048359007142,-1.27307540019577,5
"963",-1.1411048778102,-0.336895093117485,-1.37342416808552,5
"964",0.885484341454273,-1.17242346792815,1.24220719092825,6
"965",0.216969694275703,-0.845576124260739,0.989009262369789,6
"966",0.302316441048795,-0.460807985478331,1.8295943223544,6
"967",0.880127284296377,-2.08559804479206,0.275672988145879,7
"968",0.237520838885575,2.240460402281,-0.546725322648548,5
"969",0.123115498366665,-0.752578039081723,2.11817743924443,6
"970",-1.39651232185074,-0.432570267118689,-0.860675015811295,5
"971",1.58656060138537,-2.17094289128309,0.495654992122383,6
"972",1.58656060138537,-2.17094289128309,0.495654992122383,6
"973",1.36838665420047,-2.02513906746834,0.281547872565887,7
"974",-0.221526379166797,-1.87286931002126,0.159866258437663,5
"975",0.782972801766376,-1.47431449617705,0.917357640948254,7
"976",-0.604232813255918,1.58838878964639,0.743369368413478,5
"977",-0.604232813255918,1.58838878964639,0.743369368413478,5
"978",0.724430754624556,2.81717222936489,0.0192075889963877,5
"979",-0.869693966646115,-1.27063113337196,0.714232867756074,7
"980",2.06536379822109,-2.10290956063426,-0.943808593274566,5
"981",0.412973446608838,-1.12206282735812,-0.618036360855552,6
"982",-0.0026304843216576,0.0373960175305235,-1.59988036293501,5
"983",-1.03903790544581,0.758777589281025,3.65993316038248,6
"984",0.412973446608838,-1.12206282735812,-0.618036360855552,6
"985",2.06536379822109,-2.10290956063426,-0.943808593274566,5
"986",-1.96504493670431,-1.31207423722801,-0.587278521691127,6
"987",0.4073852371774,-2.66626150389812,0.136138601717059,7
"988",-0.675816997709912,1.37320419665487,0.80612212364538,5
"989",-0.286345623429585,-0.0663718847679664,-0.581691777932684,5
"990",0.795010831103657,-1.61861575803881,0.38911680894141,6
"991",-0.286345623429585,-0.0663718847679664,-0.581691777932684,5
"992",-0.688896207879678,1.21658723529525,0.642186635423177,5
"993",-1.44215778422227,0.87823282471517,0.296690176949265,6
"994",-0.688896207879678,1.21658723529525,0.642186635423177,5
"995",1.91629911532519,1.12443434720344,-0.215705572134229,5
"996",-1.0788040499801,0.398938169273659,-0.55986847049634,6
"997",-3.65092792818452,-1.93105355218799,0.318568467756576,7
"998",-3.65092792818452,-1.93105355218799,0.318568467756576,7
"999",-0.185358645431981,-0.803078762537694,-2.32730156564464,6
"1000",-3.60518049702101,-2.22041744693337,0.561419196344207,6
"1001",-0.939755471691683,-1.96831810204165,0.573011057165797,7
"1002",1.00931391648953,-0.0996419926440222,1.40076103071841,7
"1003",0.449384408453862,-1.81114428122689,1.45090549700293,7
"1004",-1.61538969250418,-2.97831098439414,1.31480869531182,7
"1005",-0.156700635041384,0.141526016092669,0.520829294231847,5
"1006",-1.61538969250418,-2.97831098439414,1.31480869531182,7
"1007",0.449384408453862,-1.81114428122689,1.45090549700293,7
"1008",0.461206971029164,-1.89384695531141,1.37189133185722,7
"1009",0.775536035244073,-1.45311534731615,1.17961178896773,7
"1010",1.18788162163983,0.467128850690446,0.66239701829444,5
"1011",-0.106477801265194,-2.87051223471016,1.28579151612703,7
"1012",0.502165737863968,-1.25775368996076,0.00823376958858728,6
"1013",-1.19935200329191,0.43832432374285,-2.08973860196733,5
"1014",-1.57289985570416,0.532935380776587,-0.927616963519762,6
"1015",-0.714457636179239,-1.67175267875445,-0.683581812173379,6
"1016",1.85693392588469,-1.53068133424154,0.932774946358044,6
"1017",0.166259247572889,-2.04463344022374,1.60191899601814,7
"1018",-0.515725318479018,-0.576633415499118,4.10337765550631,6
"1019",-0.515725318479018,-0.576633415499118,4.10337765550631,6
"1020",-1.53060043687661,-0.743616408481619,-0.440249406750749,5
"1021",2.05640009903337,-2.51497811486722,0.16253423510775,6
"1022",2.05640009903337,-2.51497811486722,0.16253423510775,6
"1023",-1.40191532961135,-1.3117211310062,-0.901421714733333,5
"1024",0.0473295897732267,-2.58764594145148,0.72127109425494,6
"1025",-1.34350536722561,-0.63936498443523,-0.83115378035695,7
"1026",-0.740006298118574,0.930287983680166,-1.45859958244061,6
"1027",-1.17870046503262,-1.95640843331448,1.85137542942077,6
"1028",-3.16734599911106,0.543376734251367,0.59659237175209,5
"1029",-0.829062519795212,1.42665562455354,1.58195116730367,6
"1030",-1.34350536722561,-0.63936498443523,-0.83115378035695,7
"1031",-2.06935829521049,-1.18189501960027,-0.365109415392721,7
"1032",-1.60799066817757,-1.09453557028991,-0.526952466676651,7
"1033",-0.745336728839726,0.45211160783872,-2.59636919430723,5
"1034",-0.972126318025227,-0.226463883356,-0.526048119540138,6
"1035",-0.132349801797165,0.688485300757938,-1.48895339766677,6
"1036",1.25361196683827,-1.54609046151245,-0.386802577931978,7
"1037",-0.546680392587984,-1.2032744650959,2.33907703897446,7
"1038",-1.47415791610381,1.42989846169154,-1.54606558702846,5
"1039",0.724693221673878,-0.260413501751999,2.43286269764617,7
"1040",0.156311237340611,-0.234349006731584,0.624961745230609,6
"1041",-2.08209099016968,0.822365832427631,-1.65212210117988,5
"1042",-1.0940644386918,-0.514336095682775,-0.316105743386875,6
"1043",0.156311237340611,-0.234349006731584,0.624961745230609,6
"1044",2.02252065918935,0.770998002001638,1.06284921777889,7
"1045",-1.48520273792487,-1.29984177586401,2.02206782044752,6
"1046",-1.92221292678409,-0.0917805175401499,1.25215199263115,6
"1047",-1.59420191933892,1.09190442073406,-0.0930281770840321,6
"1048",-1.20598060749881,0.440876048743176,0.766234686418294,5
"1049",0.740854925141675,-1.73421013084496,-0.410471457022218,6
"1050",0.743701159096393,-1.44992718658215,-0.346432432088839,6
"1051",-1.20598060749881,0.440876048743176,0.766234686418294,5
"1052",4.21625067910644,0.737107543512712,0.242788569568268,5
"1053",-3.49683666035482,-1.20486165463939,1.42433603739622,5
"1054",-0.284231094224833,-2.46916707707725,1.82266513692606,7
"1055",0.604000078768595,0.663740121441214,-1.32121240366282,6
"1056",0.604000078768595,0.663740121441214,-1.32121240366282,6
"1057",0.899665173415044,-1.95743244200281,0.341422248671431,7
"1058",0.797362467045151,2.18747160271465,0.296540080379436,5
"1059",1.5576224620493,0.040007671436837,1.44106743938763,7
"1060",0.899665173415044,-1.95743244200281,0.341422248671431,7
"1061",2.79507127796916,-2.04155682968997,-0.517958934864797,6
"1062",0.459344571726842,-2.60847743447325,1.18027971903697,8
"1063",0.163789347656944,-1.9503593930816,0.426156254729717,6
"1064",1.53219274206009,-2.47272245228526,0.976203553802889,6
"1065",-1.60572794109297,-1.657870220563,-0.63349998386267,6
"1066",-0.612811508986882,-0.710522652316334,-1.06128782869378,6
"1067",-2.07316709790903,-1.4850347710556,1.23777652312198,7
"1068",2.35484392063422,-2.47848468388074,0.38331847968107,7
"1069",2.35484392063422,-2.47848468388074,0.38331847968107,7
"1070",-0.0805120803441317,0.740527170260462,0.518243166145425,5
"1071",0.965236599267272,-1.33259560609849,1.61832862885059,7
"1072",0.674537543235473,3.79185870608066,-0.336888404416824,5
"1073",-0.494440792681504,1.34731204142158,0.935402467400566,6
"1074",-0.103588241629847,-0.0362926059378518,-0.302057876868821,6
"1075",0.674537543235473,3.79185870608066,-0.336888404416824,5
"1076",0.682345414614302,1.25906764784352,2.22851422308662,7
"1077",1.46684661751221,-2.64294210821858,0.593490202926337,6
"1078",1.81611988183404,-1.14914458833723,0.0839444597026461,5
"1079",1.81611988183404,-1.14914458833723,0.0839444597026461,5
"1080",1.36891250055248,4.34555111059477,5.88244090756239,7
"1081",0.948290321123868,-3.11625337827928,0.630067449843525,6
"1082",1.37679543821615,4.53603276471704,5.990153175636,7
"1083",-0.512991905439452,1.15077704913565,0.812733139470957,6
"1084",0.364110509696061,-0.06168623857181,2.26050346242175,6
"1085",-0.512991905439452,1.15077704913565,0.812733139470957,6
"1086",-0.9417153347715,1.6221857223219,0.675972113176191,5
"1087",0.51775468414963,-1.71151968437762,0.378234138694768,7
"1088",-0.119260548846096,-1.69452761916374,1.86167917377177,6
"1089",2.77523881450138,-0.340451258785958,0.22040829281126,7
"1090",2.77523881450138,-0.340451258785958,0.22040829281126,7
"1091",1.59789530476451,0.112129384987807,3.02765615609633,8
"1092",-0.135079056356282,-1.84701629298745,0.639064382531017,6
"1093",-1.86404810383861,-1.30887449889125,0.036732500969941,6
"1094",0.625049111848665,-1.74747702553529,1.38090514872194,7
"1095",-1.16676760004618,0.247183272728792,-1.07175865408151,6
"1096",1.3832968065975,-1.25158263413073,-0.639140588385314,5
"1097",-1.16676760004618,0.247183272728792,-1.07175865408151,6
"1098",0.504828998412025,-0.930093689870764,-1.38941592601371,5
"1099",0.967552169544657,-2.37999840349624,1.43941373138166,7
"1100",0.504828998412025,-0.930093689870764,-1.38941592601371,5
"1101",0.423877746076277,-1.47512964709323,2.34625371051767,6
"1102",-1.25789558923688,-1.51686054601163,1.05421328718452,6
"1103",-2.35711909845362,-0.750398492759542,0.630872189375873,6
"1104",-1.25789558923688,-1.51686054601163,1.05421328718452,6
"1105",-0.756204049941425,-1.69012404285931,1.45849273319654,6
"1106",-2.06065334898697,-1.33565170660963,1.53491498756922,5
"1107",-0.136188372556592,-2.62203027787037,1.49466255897603,6
"1108",0.652624598571027,-2.04444857542978,1.3655832125233,7
"1109",-0.601357076907785,0.12258754147773,-2.58391130704183,5
"1110",2.27059120133895,0.707045884357772,0.636496131328641,6
"1111",-0.817865839878877,-1.05295469016358,-1.19888577376178,6
"1112",-2.71697816689589,-0.47851679422859,2.14648385374727,7
"1113",-0.257935346092014,-1.93417457882022,1.00129158625004,6
"1114",1.28230133154349,-1.68878090758919,-0.731944181330243,6
"1115",-2.45773686947346,-0.681335602945664,4.56336200449354,6
"1116",-1.65586122593306,-0.419983109760211,-0.352560053568974,6
"1117",-1.65586122593306,-0.419983109760211,-0.352560053568974,6
"1118",-1.65586122593306,-0.419983109760211,-0.352560053568974,6
"1119",-2.01805933317864,-2.18959982215075,1.78162920234173,6
"1120",-3.52365183416903,-1.85768666569947,0.694500040549772,5
"1121",-0.820764959098827,-2.48065505678795,1.52793937630998,8
"1122",-2.70991865618472,-1.06246683700935,1.16684578007618,6
"1123",-3.24963673238558,-0.954676702593406,1.66866862023016,6
"1124",1.41040036961415,-1.10396792302074,0.376341062743369,6
"1125",-2.49497298775217,-1.3576210733794,-0.489534265242821,4
"1126",0.176455333636885,-1.93300105609272,1.19761625126925,7
"1127",-2.41500343906766,-3.41526777300503,2.01543357105462,6
"1128",-2.96724144854363,0.575542445845773,0.739557731887598,6
"1129",1.46376386161418,1.43291248544104,0.626823872481063,5
"1130",1.60234727804321,0.730861535100007,0.624611846314304,6
"1131",-0.175252592308641,-0.982748942746621,-1.63546978502989,6
"1132",-1.67071034447726,2.91067314532129,3.35491672530846,5
"1133",-0.954059659013036,-2.09970337809437,2.96478137181358,7
"1134",-0.614573034974525,-0.323012442410163,0.0290653283913646,7
"1135",0.0611642720581807,-2.43189525135124,0.997359403749132,7
"1136",-0.424628466213328,-1.17851544811928,2.15055761089303,6
"1137",1.45078496083248,-1.73306437171884,-0.276561164312199,6
"1138",1.45078496083248,-1.73306437171884,-0.276561164312199,6
"1139",0.570194825365546,2.33593736568507,0.281351681266695,5
"1140",0.0274291180904628,1.01436248512566,-0.202807714087541,6
"1141",-0.365920705537069,1.42437227530096,0.990754538076994,6
"1142",0.456134961145114,0.219672631635632,1.67270934425146,6
"1143",-1.63958960736795,-1.90146339738079,0.425744283614547,6
"1144",-0.66656135771389,-0.949544517197856,0.835906108215009,6
"1145",-0.817462956209076,1.03444146526037,1.577572089315,5
"1146",0.269718108270632,0.139554700456102,2.03773514202784,6
"1147",0.181021100996224,-0.591198022209582,-0.767301727265214,6
"1148",1.32843925783152,-1.25118066296317,0.214607033361202,7
"1149",-0.322598918068373,-1.78889350048028,0.819446762388681,6
"1150",0.693345720643616,-2.47586682280703,0.434324439533609,6
"1151",-0.199796562891751,-2.66135160639924,1.37951351495865,7
"1152",-2.30565116333567,-0.620494829645714,1.83573710414832,6
"1153",0.185906371135962,-0.151038358626595,-1.0969193429444,5
"1154",0.666788926600546,-0.812639389111767,0.584698343401548,6
"1155",-2.42063734264017,1.82855489078373,1.97748799977603,6
"1156",0.185906371135962,-0.151038358626595,-1.0969193429444,5
"1157",0.486636257742161,0.507796065630037,3.78514827599814,7
"1158",-2.60250618556439,-0.504195431343608,3.04134716548771,7
"1159",0.21596134061782,-0.0535196764464844,2.1028251758922,6
"1160",1.65833793182961,-0.90174941336814,0.0307190217927467,5
"1161",2.06995281911038,-1.89071611646356,0.281856371953727,7
"1162",0.626048054289255,-1.25789160763796,0.125998947181396,6
"1163",0.504876167466581,-2.0128068160476,1.3353386643062,7
"1164",-0.194569035151535,-0.374740587058696,-1.47093174482433,5
"1165",-0.194569035151535,-0.374740587058696,-1.47093174482433,5
"1166",3.42517473175899,0.456940930805244,0.00528065447178555,5
"1167",2.10338970404088,-0.268933399194107,-0.240067028102529,5
"1168",0.179672552105473,-0.713233664732815,2.73607626264559,7
"1169",-0.933178354797868,-1.52854505364599,1.33271822119716,6
"1170",-0.693044143878993,-1.75363441429181,0.0938676124608879,6
"1171",0.744354933485784,-1.80431709161324,-0.330397878980275,6
"1172",-1.82289199120839,0.417801842847765,0.501340726109711,6
"1173",0.871846503543769,-2.32043700201925,0.652744136079094,6
"1174",-0.325441501214751,0.787723970051453,0.582877612092645,6
"1175",-0.325441501214751,0.787723970051453,0.582877612092645,6
"1176",-2.55228110220898,1.65423238979478,1.88804896211264,6
"1177",-2.58735970298777,1.40536082275637,-0.149668174413891,4
"1178",-2.426362224012,-2.01063941787854,0.397181008729871,7
"1179",-3.89856253795246,0.588093950283102,0.581994869418253,5
"1180",0.409485699833909,-0.942221050414601,0.972360334008324,6
"1181",0.409485699833909,-0.942221050414601,0.972360334008324,6
"1182",0.354630946323038,-2.36882654263022,0.0316551446317089,5
"1183",1.08432338882401,0.908367603351563,1.73508105435333,6
"1184",-1.36669784930791,0.769022113051485,-0.772904151050924,5
"1185",-1.12836690041734,0.866320476223241,0.82025487464424,5
"1186",-1.39272301517111,-1.71165427258353,0.787807115714254,6
"1187",-2.00541856187292,-0.0331303793115435,-0.52061860983732,5
"1188",-1.39272301517111,-1.71165427258353,0.787807115714254,6
"1189",-1.12836690041734,0.866320476223241,0.82025487464424,5
"1190",-1.39155794880087,-0.121421334271773,-2.74424241505482,4
"1191",0.990216017469749,-1.8094622862442,0.934318790923074,6
"1192",-2.51180764013164,-0.252431388222214,-1.77692763548662,5
"1193",-0.904027327258708,-1.88049714024491,2.30172715212385,7
"1194",-2.5399113917411,-0.246082077562456,-1.76985078339147,5
"1195",-0.883233249940103,0.974118170833897,-1.00628851685529,6
"1196",-1.38265773514195,0.573212438997969,0.250573077322468,6
"1197",-0.0549508398783381,1.59061968188272,0.0153673832849559,6
"1198",-0.680028081441747,-1.36193886673514,-1.16646766220931,6
"1199",0.202862702437252,-0.308923044641374,1.8261618766648,6
"1200",-0.0549508398783381,1.59061968188272,0.0153673832849559,6
"1201",-0.680028081441747,-1.36193886673514,-1.16646766220931,6
"1202",-0.482581319685854,-2.26364849205314,0.399501218785344,7
"1203",-0.182100216052503,-2.22566213246222,0.557602823238697,8
"1204",1.24051137695795,2.98268201901223,-0.626294222240371,5
"1205",-0.110691295994426,-0.525787810258646,1.89396711753177,7
"1206",-0.110691295994426,-0.525787810258646,1.89396711753177,7
"1207",-0.110691295994426,-0.525787810258646,1.89396711753177,7
"1208",1.46043640086714,0.650891669923168,0.130960598996996,5
"1209",-0.110691295994426,-0.525787810258646,1.89396711753177,7
"1210",-0.863465719164405,-1.46490728644285,1.57647339594286,7
"1211",-1.80349391180943,-0.766873905511411,-0.891524749038724,6
"1212",-0.947678421442326,0.64785602277447,0.131453410704441,5
"1213",-1.80349391180943,-0.766873905511411,-0.891524749038724,6
"1214",1.33282635404623,-1.78755948315861,-0.169811978875493,6
"1215",1.40281398905036,-1.86676274808579,-0.508317685001915,6
"1216",0.410460639001999,-1.2630849012407,1.33953104634454,6
"1217",0.0768972340623777,0.534224074630648,-0.341009027948001,6
"1218",-0.103338144038413,0.29433607794284,3.39434060018127,6
"1219",0.222215173957265,-1.30189163089296,0.0382347607319083,6
"1220",0.427793627152152,-0.680373923807275,1.66776957225662,6
"1221",1.97190457561121,-1.00945769362759,1.06881703922491,6
"1222",1.97190457561121,-1.00945769362759,1.06881703922491,6
"1223",-0.33674453902496,1.88320400504181,0.343599207828347,6
"1224",1.35310841880248,-2.04521342578024,0.903737058211271,6
"1225",3.32218146758596,-1.22831455391039,-0.576582293309839,6
"1226",1.14919904655031,1.22997718812483,-0.760432588802925,5
"1227",-0.270005944952865,1.50556382079768,-0.602258062782937,5
"1228",0.589888564464334,-0.42751434589008,-1.29548008076836,5
"1229",-4.02305248950992,-0.996206961533832,3.28675948543179,7
"1230",-0.214744985960623,0.644265928942528,0.149074312861508,5
"1231",-0.18291782262285,-1.20388356581796,2.33395806443518,6
"1232",-1.68671160918947,2.78655627224762,0.995081477740973,5
"1233",-0.214744985960623,0.644265928942528,0.149074312861508,5
"1234",0.969084085175534,-0.722711276900835,-0.103037072930182,4
"1235",-3.17993878444255,-1.60103853772939,0.195190457045096,6
"1236",0.294310753522922,1.87187606890577,2.27349454533229,4
"1237",-0.781640174601428,-0.532223136046315,-1.50240968450796,6
"1238",-3.17993878444255,-1.60103853772939,0.195190457045096,6
"1239",-1.14578777222365,0.425241837318715,-2.0801887209304,4
"1240",-2.37528321839722,-0.610654713913545,0.00249587472741719,4
"1241",-0.736619228301652,1.489418853558,0.00637980436780178,5
"1242",1.35039843118978,0.754805288368947,0.587267204293878,5
"1243",-0.0573327119956835,-1.6561382050592,1.48858879948066,6
"1244",0.0413824418650963,0.979581889487754,-0.723375134807688,5
"1245",0.394967796313849,6.68896213452724,4.64905935840611,6
"1246",-1.1140335965975,-0.312526047663317,-0.11767634575382,5
"1247",-1.13813987594427,0.328173630649873,-1.03481805225148,5
"1248",-1.1140335965975,-0.312526047663317,-0.11767634575382,5
"1249",-0.802439002550448,-0.592316552373479,1.42564490951968,6
"1250",-1.8665513077742,0.196873318826565,0.278859443320998,6
"1251",-1.8665513077742,0.196873318826565,0.278859443320998,6
"1252",-0.759275347217116,1.10059143102491,0.0314437362649554,5
"1253",-1.68940448567704,-0.304952117489078,-1.84119065165915,5
"1254",-1.58136849336203,-0.591181794847993,-1.76844421253842,5
"1255",-1.35969002247121,0.0818629771566357,-0.245815136599643,5
"1256",-2.97781291529039,0.365246369133217,0.544929765956746,5
"1257",-0.599349348607674,1.86312730857662,0.342989104978903,5
"1258",-0.280052903644719,0.516043807055861,0.605105591088026,6
"1259",-1.83706776592297,-0.128555032753558,-0.0965896635047407,6
"1260",-1.83706776592297,-0.128555032753558,-0.0965896635047407,6
"1261",3.81360327757303,1.22850709884996,0.0397781035694304,5
"1262",-3.49184733630554,0.103274262519739,-0.93280688919787,4
"1263",1.21681735126759,1.20172058452877,0.610767474427548,5
"1264",-1.19063768934478,0.523905427066586,-2.16109947182932,4
"1265",-0.538820042031235,-0.705839365519368,2.0226759892613,6
"1266",-1.45638641191756,-0.0101847059568845,-0.324844121094078,6
"1267",-1.45638641191756,-0.0101847059568845,-0.324844121094078,6
"1268",1.78081494016304,-1.68688438195706,0.850765509007513,6
"1269",-0.779747441719404,0.435348576172955,0.160810093071997,6
"1270",-3.53128974583193,-0.731495111130888,3.91581376016719,8
"1271",-4.24799307557617,-1.41563431654028,3.78667207377862,6
"1272",-1.76249760351356,-0.455657947835904,1.74796188360938,6
"1273",-2.79075564740648,-0.0932206192417437,1.05809626796849,5
"1274",-0.640655587368277,1.10993108873628,-0.0798726044259231,5
"1275",-1.09820945722707,-0.488522276197711,0.144171179158365,6
"1276",-0.348181968657316,1.09237468921895,-0.936665461507002,6
"1277",0.319703854167913,-1.64873510261562,0.645707599462493,4
"1278",-1.35808919411101,-0.531678470888115,-1.96066827189214,6
"1279",-0.348181968657316,1.09237468921895,-0.936665461507002,6
"1280",0.656170258435808,-2.67810949374005,0.326333925431726,7
"1281",-1.00220621595345,0.471480264084095,0.903012201636438,6
"1282",-1.00220621595345,0.471480264084095,0.903012201636438,6
"1283",-1.3337883822626,-0.52039270754694,-1.09678148083584,6
"1284",0.312502241016454,0.787065318940997,-0.282107257024006,6
"1285",-1.36535003087207,-0.586637431842322,0.700783346082368,5
"1286",1.96137269926555,-0.474582642658809,0.304027966748373,5
"1287",-0.77320376903663,-2.01657641805336,2.46561032454919,6
"1288",-2.00209190020198,-2.47724192096361,0.0898866232290501,5
"1289",1.03893072450832,2.05499396335538,1.22945722240505,5
"1290",1.03893072450832,2.05499396335538,1.22945722240505,5
"1291",-1.74991604741115,-0.9653928560721,-1.18922242916265,5
"1292",-0.651761770894079,0.618146567348086,0.453971601035298,6
"1293",-2.72703034489192,-1.56978483036442,1.69902609099483,6
"1294",-1.50221713977011,-0.307602385957744,-2.2077113443606,4
"1295",-0.651761770894079,0.618146567348086,0.453971601035298,6
"1296",-1.2845548667818,3.33680977909265,0.812545849446267,5
"1297",-1.2845548667818,3.33680977909265,0.812545849446267,5
"1298",-1.88440518114106,-1.35735563063813,1.03074698255074,6
"1299",-3.446393617191,-1.75496382276586,0.706027130450653,6
"1300",-3.43386627983544,0.40600428816367,-3.65412734203912,3
"1301",-3.86670061830766,-0.878813016891475,0.794612545313748,6
"1302",-2.38166330588657,0.526541359408073,0.188683936518443,6
"1303",0.359021502568569,-2.05183934644896,0.372733007389081,6
"1304",-0.072052457003957,-0.180510475090644,2.19693221829313,5
"1305",-0.626811159472221,1.40110166880896,-1.02708935454818,5
"1306",-0.712853387338163,1.3120969519408,0.181273703044359,5
"1307",0.578889450281046,1.45625615111037,-0.183244137946144,5
"1308",-1.88321292199599,-0.069633911783335,-0.187748920007124,4
"1309",0.578889450281046,1.45625615111037,-0.183244137946144,5
"1310",-1.12652905873101,1.2792508950593,-0.277721015611058,5
"1311",-0.712853387338163,1.3120969519408,0.181273703044359,5
"1312",-2.04385819415762,-1.65036012199254,1.39372709867075,6
"1313",-1.84645844943273,0.582830491965523,-1.86797352710504,5
"1314",-0.956567863611042,0.349258820667818,0.681578235106854,6
"1315",-0.97566622698719,0.634043650694443,0.878894796691243,6
"1316",-0.440279436866593,1.08600378528853,-0.0663215626917068,6
"1317",-5.27353345756721,-0.906515627082991,1.15454418308984,6
"1318",1.19252953027327,-1.41279282571573,0.738151407374414,6
"1319",-0.440279436866593,1.08600378528853,-0.0663215626917068,6
"1320",4.49795292137558,1.54534398976821,-0.173617105883155,6
"1321",0.891356570380309,0.886951654328966,-0.483060368125516,5
"1322",-5.38594846400505,-0.88111838444396,1.18285159147041,6
"1323",0.139617296225853,-2.20479842666179,0.756763467989063,5
"1324",0.680890844843931,-0.701877531798521,1.60310192659437,7
"1325",-1.32292846630629,-0.572014732595313,0.534111755194547,6
"1326",-1.32292846630629,-0.572014732595313,0.534111755194547,6
"1327",-1.32292846630629,-0.572014732595313,0.534111755194547,6
"1328",-1.32292846630629,-0.572014732595313,0.534111755194547,6
"1329",-1.44389508491457,0.0372037076781593,-0.764315271032665,5
"1330",-0.555721973324557,1.07914485827532,-0.0106862067766911,6
"1331",-0.555721973324557,1.07914485827532,-0.0106862067766911,6
"1332",-0.469605352552231,2.44610881889403,-0.839625748296851,5
"1333",-0.14345122652274,-0.95453523397444,-1.12986295370621,6
"1334",0.136120678685167,0.544147635061091,-1.70144215839405,5
"1335",-1.57175302616465,-0.19648741302862,-2.31772037832036,5
"1336",-2.29015818640167,-0.800205750641746,1.28415667610643,6
"1337",-2.34072211186727,-0.295363181249245,-0.682241202554854,5
"1338",-2.34072211186727,-0.295363181249245,-0.682241202554854,5
"1339",-2.34072211186727,-0.295363181249245,-0.682241202554854,5
"1340",-1.51030100212805,-0.530432353543362,-0.424023153421377,6
"1341",-1.51030100212805,-0.530432353543362,-0.424023153421377,6
"1342",-1.51030100212805,-0.530432353543362,-0.424023153421377,6
"1343",-1.48540552531071,-0.184785552374056,-0.526256589865438,6
"1344",-1.51030100212805,-0.530432353543362,-0.424023153421377,6
"1345",2.25686133252937,-1.36730132227556,-0.612152706798448,5
"1346",-0.233920815176786,-0.804265349187362,-0.421419707888483,6
"1347",-2.76394210316662,-1.43145692262355,-0.348494943836223,5
"1348",-1.72287379813449,-0.464943919237569,-1.95369400006567,5
"1349",-1.72287379813449,-0.464943919237569,-1.95369400006567,5
"1350",-1.97091101802134,0.257561339265727,0.108181706431328,5
"1351",-0.242172915362036,1.29048236155507,0.426956998120276,5
"1352",-2.25951695824745,-0.985154627965719,0.212336325198889,6
"1353",-1.39674542292675,0.485325187978815,-0.942063517792903,5
"1354",-1.39674542292675,0.485325187978815,-0.942063517792903,5
"1355",-1.49919854982466,-0.442462251090148,-1.09685726919497,5
"1356",-1.3112962222981,-1.1867012181533,-0.0899059182855932,5
"1357",-1.3463790008073,-1.2806875360978,-0.216371757581856,5
"1358",-1.34635808293212,0.552973611637646,1.29598013249334,6
"1359",0.0119448239598533,4.22511385157753,0.899431061905754,5
"1360",1.99416801877337,-1.2347061037965,-0.944435145986258,6
"1361",0.482329941175929,-0.546703949324284,-0.414290810927902,5
"1362",-0.880791725252512,0.802863489823442,-1.43472987044419,5
"1363",1.99416801877337,-1.2347061037965,-0.944435145986258,6
"1364",-0.732244031393633,0.640064698324898,-1.33693716328966,4
"1365",-2.15210553998778,-0.947823593991403,-0.108959857200264,6
"1366",0.0562695919854936,0.167059584273333,-1.0618921909349,5
"1367",-1.2271774895739,0.219064678214079,-1.40916244385164,5
"1368",0.705566741456295,0.614544089801834,1.1533261313953,6
"1369",-0.442969759841344,0.960961463979552,-0.784902087748934,6
"1370",-2.45275535048232,-1.31415302119582,-1.28861910603032,4
"1371",3.39622463287171,1.44454057570238,-0.762029491028782,5
"1372",1.03484566327247,-1.63355420178075,0.881977414850433,6
"1373",3.39622463287171,1.44454057570238,-0.762029491028782,5
"1374",-0.27160521749677,2.75849105892316,-0.158772547431586,5
"1375",-1.39470664467308,0.76463999949642,-1.71287655215316,3
"1376",-0.594320518456152,0.904781334446528,0.0420513952009977,5
"1377",-0.901006824870784,-0.394548080352506,-1.77388928341103,5
"1378",-2.55018770023672,0.140559307591252,1.97458244235086,6
"1379",-0.824708677779192,-0.55625499414081,-0.680728708257672,6
"1380",-1.39620598053965,-0.418456318747409,-0.308463594310662,6
"1381",-1.39620598053965,-0.418456318747409,-0.308463594310662,6
"1382",-2.07330874594979,-0.265861506802637,-2.02615181425814,5
"1383",-0.659042992507307,1.67414489350687,0.306577480871154,5
"1384",-0.659042992507307,1.67414489350687,0.306577480871154,5
"1385",-0.864841840894585,1.55446507045196,-0.755996628946978,5
"1386",-0.394454793189756,2.63931564564694,-0.475814528431201,5
"1387",-1.02437211274498,-0.274592159963328,-1.47436469307647,5
"1388",-1.02437211274498,-0.274592159963328,-1.47436469307647,5
"1389",-0.133827258135791,0.627210855226638,-0.268552986313439,5
"1390",-0.903589571331821,2.33661943195659,1.03468238869441,5
"1391",-3.24932098071286,-1.28183561612871,1.3763003012505,6
"1392",-0.789505442191431,-0.808152390124202,-0.660842455032995,5
"1393",-1.48378659029087,-1.09801037262038,-1.40619440407512,5
"1394",-0.560987684370307,0.303519676562406,-0.0369692004383254,5
"1395",-1.02698376854933,1.97795646468862,-0.104724482459993,5
"1396",-0.363089870969565,-0.634953396384758,-2.09224657534452,6
"1397",-0.334849401547969,-0.631131890680737,-2.03907027870775,5
"1398",-0.69165668249419,1.19916590753408,0.179585917815913,5
"1399",-1.53995534786616,-0.148283690728745,-0.644250636823472,7
"1400",-1.80053518370714,-0.699968752682005,-0.40785532991218,6
"1401",-0.647335341482893,2.84476647702222,0.757213760576694,5
"1402",-0.647335341482893,2.84476647702222,0.757213760576694,5
"1403",-0.126450204152881,-2.12985822721504,1.26199854550967,6
"1404",0.655735413546181,-1.7759810721797,0.430907485592933,8
"1405",0.170739997482584,-0.188806895505554,-0.120821975413678,6
"1406",0.0559840498495073,-1.22284316513654,1.73232087167234,7
"1407",1.42327045942981,-1.04222039025096,1.01310536792799,6
"1408",-2.15812071393999,1.12130033600368,1.92468839265472,6
"1409",0.237671311235858,-0.568831007069269,3.37756467510867,7
"1410",-2.15812071393999,1.12130033600368,1.92468839265472,6
"1411",-3.45482404062918,-1.10580420077958,-1.15237935458957,6
"1412",-0.952855377220359,-1.1327626527458,0.240035891436293,6
"1413",1.42327045942981,-1.04222039025096,1.01310536792799,6
"1414",1.45802079503554,0.471224008844674,0.177873376103222,5
"1415",2.58151416448243,-1.35529729016402,-0.727082311946107,5
"1416",-1.87031985914169,-0.383177015148327,-0.970914844949681,5
"1417",2.58151416448243,-1.35529729016402,-0.727082311946107,5
"1418",-0.482488726539299,-1.08450923638946,1.99669989210835,7
"1419",-1.04424229166531,-1.03579971014833,-1.47676600541541,5
"1420",-0.910850829991225,2.54292810449269,0.807080360309469,5
"1421",-1.04424229166531,-1.03579971014833,-1.47676600541541,5
"1422",-0.568828133858206,0.676141958260208,0.136148940264909,5
"1423",-1.49685812479038,0.95329992592894,1.71547961866638,6
"1424",-1.24610311667001,0.0838779753350937,0.0444220975750915,4
"1425",0.857123543552153,-1.16857630212164,-0.247762087466469,6
"1426",0.857123543552153,-1.16857630212164,-0.247762087466469,6
"1427",-0.130841710183156,-0.75420628065536,2.16831229231028,6
"1428",-0.316471884775457,-1.50373977669686,0.199782921851124,5
"1429",-1.32167765455499,0.667933058409915,0.254047634637814,5
"1430",0.468708218506299,0.179176295948736,3.19883048722466,5
"1431",-0.815202759662006,-0.317290360474145,0.559664844669843,5
"1432",-0.244998590045452,0.154207474958727,0.225628719249308,6
"1433",-2.32325223610337,-2.12865258884465,0.574485296963011,6
"1434",-1.29481944622953,-0.831278831771073,0.172577166956224,7
"1435",4.68942746328058,6.80836582225893,0.967967029959232,6
"1436",4.68942746328058,6.80836582225893,0.967967029959232,6
"1437",2.34351266081479,1.94404672362811,-0.315154783623341,5
"1438",-1.81204187990502,0.554733750540315,-0.39250800572282,5
"1439",-2.02249911052571,-1.1836884032432,-1.48278589946131,5
"1440",-1.4877221559936,1.52369203583437,0.998967246441801,6
"1441",-0.357148098952794,-1.34621226538125,1.1749503899149,7
"1442",-0.0599432288771719,2.47761560911124,-0.602042430708727,6
"1443",-1.23691052958489,0.363704763776429,-0.723063149498059,5
"1444",-2.15349717894875,-1.68831104483505,0.268949584950431,5
"1445",-1.49126409110905,1.51162142356234,1.01372883455955,6
"1446",-0.0634851643113933,2.46554499575285,-0.58728084126244,6
"1447",-1.23691052958489,0.363704763776429,-0.723063149498059,5
"1448",-1.39099812045323,0.830432285367515,-0.63396079144992,5
"1449",-1.32259392290417,1.80204514409847,0.497562474973144,5
"1450",-0.373430621470752,-1.32879703034685,1.20510138435866,8
"1451",-0.357148098952794,-1.34621226538125,1.1749503899149,7
"1452",0.810249227033365,-1.39569692762087,0.494367264117304,7
"1453",-2.10844166026571,0.532423118541245,1.86824930849004,7
"1454",-0.325123058827672,1.56532352834888,0.253479608852761,5
"1455",2.73085190015568,-1.38084791712397,-0.505241396974242,6
"1456",-2.96939357405551,-0.658275412492598,-1.0976264269466,6
"1457",-2.58916123141057,1.33912860860529,1.79819484200761,6
"1458",-0.325123058827672,1.56532352834888,0.253479608852761,5
"1459",0.00982497807194721,-1.64211307746012,0.244571699648165,5
"1460",-0.155584708643336,-2.61966565913126,1.56496621741702,7
"1461",-1.19599862869948,1.20865767900912,1.12264454982489,6
"1462",-2.58108884297848,-0.332778095828531,-1.68107884402128,4
"1463",-1.7556910061617,-0.121646482710036,-0.578081446535818,6
"1464",-1.84678922348949,-0.129877686002907,-0.372459792448632,6
"1465",-1.55736981115547,1.235930195147,0.442904532782975,5
"1466",-1.55736981115547,1.235930195147,0.442904532782975,5
"1467",-0.136732970839827,0.882168611690579,0.663680952294361,7
"1468",-2.56717423516554,0.61651586205517,-1.16088091494089,4
"1469",-0.136732970839827,0.882168611690579,0.663680952294361,7
"1470",-1.60369919579828,1.3322766217864,-1.67386023897605,3
"1471",0.57968109844061,-0.574005757239721,-1.95909829489635,5
"1472",-2.58117740492725,-1.40310558924405,0.346970333845171,5
"1473",0.614765632402963,-0.504216750180117,1.7776671974092,6
"1474",-2.45563593099913,-0.510154975273384,0.324832073388557,5
"1475",4.55963026874617,5.67764964716515,0.836641155846599,5
"1476",-3.03601857359155,-1.00526011126761,3.36573596639148,7
"1477",4.55963026874617,5.67764964716515,0.836641155846599,5
"1478",-3.039560508707,-1.01733072353964,3.38049755450922,7
"1479",-1.15463592766831,0.460629797325221,-2.19732200817159,3
"1480",1.31439943601035,-1.07601445152562,0.422638220312661,5
"1481",-2.97329950069511,-0.864794615964776,-0.884576993238129,4
"1482",1.31439943601035,-1.07601445152562,0.422638220312661,5
"1483",0.273833486593155,-1.2211685998455,-0.973434590137464,4
"1484",-0.185965161419815,-2.09861922293342,0.288530431706961,5
"1485",-2.47415102378198,-0.802159422168058,-1.51804549233332,4
"1486",-1.2881271516427,-0.316926074099219,-1.25316643650072,5
"1487",-1.42775764801994,-0.60498316833424,-0.751696977742429,5
"1488",-2.2994681127366,-0.850281770168728,-0.283587425758421,5
"1489",-3.48780332376843,-1.65904107298918,0.0354443655648131,5
"1490",-2.00170974168976,-1.5076152295483,-0.162472799192764,6
"1491",-0.967155675473606,-2.839840777781,1.90604202536088,6
"1492",-3.48780332376843,-1.65904107298918,0.0354443655648131,5
"1493",-3.26440130373001,-1.71025803365887,0.072614945725776,5
"1494",-0.184984314111734,2.26572727113687,0.844957244595254,5
"1495",-1.56115209968933,-0.83960048397472,0.515535470836362,7
"1496",-1.24222986592674,-0.702390469240587,0.455900931378466,6
"1497",-0.184984314111734,2.26572727113687,0.844957244595254,5
"1498",-2.32049121226488,-1.09540026815393,-0.559083421497715,6
"1499",-2.59603819003403,-0.494723600828338,-1.4677090733755,6
"1500",-2.32049121226488,-1.09540026815393,-0.559083421497715,6
"1501",-1.49768685709411,-0.515868911113348,-1.69859832455832,5
"1502",-0.0469902153299179,1.69955540638734,-0.819693089601873,5
"1503",-0.800398013426553,0.564411405239845,-0.482924154393976,5
"1504",-1.06706597353762,-1.53586644183915,0.409004218722497,6
"1505",0.2063638592722,-1.94035678423084,0.356292823540891,6
"1506",-2.29676511613184,-0.504289743479549,-1.58508745328029,3
"1507",-2.29111212503319,-0.772357786352261,-1.15219107818699,6
"1508",0.2063638592722,-1.94035678423084,0.356292823540891,6
"1509",0.824417762712592,-0.92039776970841,0.923677476604122,6
"1510",-0.00515125800240324,-2.30750872434462,1.26879510069664,5
"1511",-0.955266029999608,0.470115126494544,0.916536842590037,6
"1512",-1.47128688170143,0.451275205957139,-0.934951071411455,5
"1513",-2.4098201400184,-0.281925872900745,-1.05240143828497,6
"1514",-1.92272533232753,-0.0157103731140743,0.72907456515231,6
"1515",-0.902299768507194,1.83618698018597,-1.07719944902104,6
"1516",-0.904070736277434,1.83015167332572,-1.06981865407647,6
"1517",-0.480605003968057,0.110252479746268,1.78231117382775,5
"1518",-1.55490686118414,0.484027395821978,0.976524567717451,6
"1519",0.232961345546534,-1.10926073812931,-0.217053689242827,5
"1520",-1.5594292051342,0.254578813022488,-1.0065184040351,5
"1521",-1.55490686118414,0.484027395821978,0.976524567717451,6
"1522",-1.1810927911797,-0.372360559424818,-1.20667601603238,4
"1523",-0.480605003968057,0.110252479746268,1.78231117382775,5
"1524",-1.02170362919409,0.639231952736915,1.03049528980739,5
"1525",-1.15808212153412,0.152571735816019,0.895505434323546,6
"1526",-1.27334921036203,0.0230685666667222,-0.141878028711222,5
"1527",-1.10642796463602,0.123877878532971,-0.118257827926565,6
"1528",-1.32063742587487,-0.749988108114923,0.00919218420242862,6
"1529",0.851752622211885,0.0842766143407584,0.992397187932231,6
"1530",-1.76397940933056,1.70822584795056,0.551902463583413,6
"1531",-1.7791319648936,-1.4627973632433,0.480395728546248,6
"1532",-2.15789338205664,0.153841758093379,-0.673955418859231,5
"1533",-0.705559658513895,-0.277385221707683,-0.282600882107919,6
"1534",-0.0459961624887333,1.64422166042155,0.657140149033377,5
"1535",-2.04198842075582,-1.07637264159669,0.669991886105563,7
"1536",-1.16953305117743,0.055700615734569,-0.545039064494575,6
"1537",-2.30713381434888,0.381274145893354,0.564111442549698,6
"1538",-2.50271086168267,-0.0067530427395437,0.153884701551886,6
"1539",-2.45026774625974,-0.700237227684866,0.41439540560245,5
"1540",-0.355391580652113,0.950288602812542,1.30629052979172,5
"1541",-1.84712813521657,-0.355836677197887,0.379934613384799,6
"1542",-0.213351713457316,-0.558134495072549,1.40914258064763,7
"1543",-2.28023330941625,0.753365891473581,-0.216906269283378,6
"1544",1.32319898617143,-1.00605737410571,-0.445714919953786,6
"1545",0.744685159486577,-1.63537466049265,0.95474769946189,7
"1546",-1.15715514498097,-0.374014551885605,-0.125197431254705,6
"1547",-1.56148016886407,-0.137654297372399,-0.463166598370504,5
"1548",-3.18857679106813,-1.49799374318462,0.653143582479096,5
"1549",2.2298312586984,-0.260052613860469,0.0862560884161336,5
"1550",-0.500454042286379,-1.42279306318402,1.25635210323593,8
"1551",-1.48900200259088,0.677715052094838,-1.56120450263771,5
"1552",-1.47451201442659,0.731246956591425,-1.48200325497924,5
"1553",-2.09256313869486,1.34136369291936,0.85323147338079,6
"1554",-1.36317290148094,0.788565967245049,-1.55783427817362,5
"1555",-2.55421166395345,0.00525801524567238,-0.90249114132159,6
"1556",-1.54022369067316,-0.696761802180979,0.0461617956483966,7
"1557",-2.42758789869257,0.22058215152395,-1.6884157764751,5
"1558",-2.55421166395345,0.00525801524567238,-0.90249114132159,6
"1559",1.02952013726277,5.60776832676653,1.84202297785619,5
"1560",-0.315007716455249,2.38191193285459,0.862609762622333,5
"1561",-0.315007716455249,2.38191193285459,0.862609762622333,5
"1562",-0.315007716455249,2.38191193285459,0.862609762622333,5
"1563",-1.33064078902381,-0.368323567265233,-1.06223980943258,5
"1564",-1.33064078902381,-0.368323567265233,-1.06223980943258,5
"1565",-1.33064078902381,-0.368323567265233,-1.06223980943258,5
"1566",-1.89739141091997,0.295071917483075,0.668753921479305,6
"1567",0.246513263945693,-0.943188764986688,2.66719801898526,6
"1568",-1.33064078902381,-0.368323567265233,-1.06223980943258,5
"1569",-1.0738823299524,0.80231810928723,-0.437916312752148,5
"1570",-2.4019164355884,-0.979686059309141,0.787875856688026,6
"1571",0.200468263210816,-1.18702544824495,2.53225332726481,6
"1572",-1.7110736545073,-1.07505864400337,0.797325179055533,6
"1573",-0.786408773369001,2.40262742439948,0.513933912751375,5
"1574",-2.35788592892779,-0.765085296436629,1.37228202155385,6
"1575",1.37937136478541,2.74930079529056,2.70826901049258,6
"1576",-0.524914829004426,-1.60585771246698,0.768581867259352,6
"1577",0.91339754598591,-1.37787311528624,1.33341680151642,6
"1578",-1.90410155328168,-0.104196496938097,0.20552859801749,6
"1579",-1.51994135290092,-0.719377859142387,-0.197546750067851,6
"1580",-2.74790262576021,-0.428836658095706,0.914270769642206,5
"1581",-0.782018208117222,-1.8134928483334,1.07458037702109,6
"1582",-2.74790262576021,-0.428836658095706,0.914270769642206,5
"1583",-3.20715285256852,-0.888894895909044,0.292769206842265,5
"1584",-0.829601993585615,1.68834433236311,1.34583436252836,5
"1585",-0.207922421791681,-0.968779335785991,2.18660215434082,7
"1586",-0.0399694698834918,-0.654440730018693,2.04241501912726,6
"1587",-0.0713689902536084,0.0158554711761654,2.77304593964362,6
"1588",-2.52274298488171,-0.413933606406334,0.318050243678436,6
"1589",-0.972089118737051,0.799264509436655,2.84765238413245,6
"1590",-0.236654897575984,3.23111979734705,-0.113870178324022,5
"1591",-1.72587603156718,-0.527999836160895,1.64866792486833,6
"1592",-3.48536423188819,-0.579659381297589,0.176419712842726,6
"1593",-1.45560679869822,0.312124226900343,1.1236085307776,6
"1594",-1.23516295263841,0.924857584908683,-0.0100341424940919,6
"1595",-2.14974858690608,0.81433303229841,0.616416083525057,5
"1596",-2.21368883689944,0.893643781347769,1.80626286662353,6
"1597",-1.45560679869822,0.312124226900343,1.1236085307776,6
"1598",-2.26972505659572,0.979685481042964,0.627107072283658,5
"1599",-0.426830048748632,-0.535716796794058,1.62874775307131,6
